subscription_id,customer_id,plan_name,billing_cycle,price_inr,start_date,end_date,status,auto_renew,cancellation_reason
SUB000001,CUST00001,Basic,Quarterly,402.3,17-10-2023,,Active,0,
SUB000002,CUST00002,Family,Monthly,499,08-09-2022,22-10-2022,Cancelled,1,Poor Streaming Quality
SUB000003,CUST00003,Basic,Monthly,149,24-11-2023,,Active,1,
SUB000004,CUST00004,Standard,Monthly,299,02-02-2022,04-05-2022,Cancelled,0,Technical Issues
SUB000005,CUST00005,Standard,Annual,2990,02-06-2023,,Active,1,
SUB000006,CUST00006,Basic,Quarterly,402.3,04-01-2024,,Active,1,
SUB000007,CUST00007,Basic,Annual,1490,05-04-2023,19-06-2024,Cancelled,1,Content Not Relevant
SUB000008,CUST00008,Basic,Annual,1490,16-12-2023,,Active,1,
SUB000009,CUST00009,Standard,Quarterly,807.3,09-08-2022,02-04-2024,Cancelled,1,Switching to Competitor
SUB000010,CUST00010,Standard,Monthly,299,10-04-2022,,Paused,0,
SUB000011,CUST00011,Standard,Monthly,299,06-04-2024,,Active,0,
SUB000012,CUST00012,Family,Monthly,499,23-01-2023,25-06-2023,Cancelled,1,Temporary Pause
SUB000013,CUST00013,Premium,Quarterly,1752.3,25-06-2024,,Active,0,
SUB000014,CUST00014,Premium,Quarterly,1752.3,16-02-2022,14-11-2023,Cancelled,0,Content Not Relevant
SUB000015,CUST00015,Standard,Quarterly,807.3,25-05-2024,,Active,0,
SUB000016,CUST00016,Standard,Quarterly,807.3,10-04-2023,,Active,0,
SUB000017,CUST00017,Standard,Quarterly,807.3,30-12-2022,,Active,0,
SUB000018,CUST00018,Basic,Annual,1490,16-09-2023,,Active,0,
SUB000019,CUST00019,Family,Quarterly,1347.3,17-06-2022,20-05-2024,Cancelled,1,Too Expensive
SUB000020,CUST00020,Family,Monthly,499,13-08-2022,,Active,0,
SUB000021,CUST00021,Standard,Monthly,299,04-04-2024,,Paused,0,
SUB000022,CUST00022,Premium,Annual,6490,05-08-2022,,Paused,0,
SUB000023,CUST00023,Basic,Annual,1490,10-02-2023,,Active,0,
SUB000024,CUST00024,Standard,Monthly,299,23-05-2022,,Paused,0,
SUB000025,CUST00025,Standard,Monthly,299,04-02-2024,,Active,1,
SUB000026,CUST00026,Standard,Monthly,299,06-01-2023,,Active,0,
SUB000027,CUST00027,Basic,Quarterly,402.3,04-04-2022,,Active,1,
SUB000028,CUST00028,Basic,Annual,1490,22-03-2024,,Active,1,
SUB000029,CUST00029,Family,Quarterly,1347.3,26-01-2023,11-09-2024,Cancelled,0,Technical Issues
SUB000030,CUST00030,Basic,Annual,1490,21-07-2023,,Active,0,
SUB000031,CUST00031,Standard,Monthly,299,08-02-2024,,Active,1,
SUB000032,CUST00032,Standard,Annual,2990,22-03-2023,31-12-2024,Cancelled,0,Technical Issues
SUB000033,CUST00033,Premium,Annual,6490,28-05-2023,,Active,0,
SUB000034,CUST00034,Basic,Annual,1490,11-05-2024,,Active,0,
SUB000035,CUST00035,Standard,Quarterly,807.3,06-06-2022,15-11-2023,Cancelled,0,Too Expensive
SUB000036,CUST00036,Premium,Quarterly,1752.3,01-01-2022,,Paused,1,
SUB000037,CUST00037,Basic,Annual,1490,25-04-2022,,Active,0,
SUB000038,CUST00038,Premium,Annual,6490,04-09-2022,31-12-2024,Cancelled,1,
SUB000039,CUST00039,Standard,Quarterly,807.3,15-04-2024,05-10-2024,Cancelled,0,Too Expensive
SUB000040,CUST00040,Family,Monthly,499,07-11-2023,,Paused,1,
SUB000041,CUST00041,Family,Monthly,499,25-06-2023,12-10-2023,Cancelled,1,Content Not Relevant
SUB000042,CUST00042,Basic,Quarterly,402.3,13-02-2024,,Active,1,
SUB000043,CUST00043,Basic,Quarterly,402.3,25-03-2023,05-06-2024,Cancelled,1,Found Free Alternative
SUB000044,CUST00044,Standard,Monthly,299,19-08-2022,,Paused,1,
SUB000045,CUST00045,Standard,Annual,2990,22-07-2023,31-12-2024,Cancelled,1,Poor Streaming Quality
SUB000046,CUST00046,Standard,Annual,2990,14-03-2022,17-08-2024,Cancelled,1,
SUB000047,CUST00047,Basic,Annual,1490,02-02-2022,,Active,1,
SUB000048,CUST00048,Standard,Annual,2990,13-10-2022,31-12-2024,Cancelled,1,Content Not Relevant
SUB000049,CUST00049,Standard,Quarterly,807.3,16-05-2022,18-04-2024,Cancelled,0,Too Expensive
SUB000050,CUST00050,Standard,Quarterly,807.3,14-03-2024,,Active,1,
SUB000051,CUST00051,Standard,Annual,2990,10-04-2022,,Paused,0,
SUB000052,CUST00052,Standard,Monthly,299,25-02-2023,30-03-2023,Cancelled,0,Content Not Relevant
SUB000053,CUST00053,Standard,Monthly,299,04-03-2022,,Active,0,
SUB000054,CUST00054,Standard,Quarterly,807.3,16-07-2022,,Paused,1,
SUB000055,CUST00055,Basic,Monthly,149,09-03-2023,26-06-2023,Cancelled,0,Poor Streaming Quality
SUB000056,CUST00056,Standard,Annual,2990,14-06-2024,,Active,0,
SUB000057,CUST00057,Premium,Monthly,649,21-02-2022,10-06-2022,Cancelled,0,Found Free Alternative
SUB000058,CUST00058,Basic,Monthly,149,11-02-2024,,Active,1,
SUB000059,CUST00059,Basic,Annual,1490,08-05-2023,,Paused,1,
SUB000060,CUST00060,Basic,Monthly,149,24-01-2023,,Active,1,
SUB000061,CUST00061,Standard,Annual,2990,20-10-2022,,Paused,0,
SUB000062,CUST00062,Standard,Annual,2990,08-06-2022,,Active,0,
SUB000063,CUST00063,Basic,Quarterly,402.3,17-08-2023,31-12-2024,Cancelled,1,
SUB000064,CUST00064,Basic,Monthly,149,28-02-2022,,Active,1,
SUB000065,CUST00065,Standard,Monthly,299,23-05-2024,,Active,0,
SUB000066,CUST00066,Standard,Quarterly,807.3,24-03-2022,28-06-2022,Cancelled,1,Too Expensive
SUB000067,CUST00067,Basic,Monthly,149,23-11-2023,,Active,1,
SUB000068,CUST00068,Standard,Annual,2990,10-09-2022,,Active,1,
SUB000069,CUST00069,Family,Monthly,499,25-03-2022,07-06-2022,Cancelled,1,Temporary Pause
SUB000070,CUST00070,Premium,Quarterly,1752.3,20-11-2022,,Active,1,
SUB000071,CUST00071,Basic,Monthly,149,02-09-2022,,Active,1,
SUB000072,CUST00072,Premium,Monthly,649,14-04-2023,,Active,1,
SUB000073,CUST00073,Family,Quarterly,1347.3,29-09-2023,,Active,1,
SUB000074,CUST00074,Standard,Annual,2990,07-08-2022,,Paused,0,
SUB000075,CUST00075,Basic,Monthly,149,21-06-2024,,Active,1,
SUB000076,CUST00076,Basic,Quarterly,402.3,11-06-2022,,Active,0,
SUB000077,CUST00077,Standard,Annual,2990,19-09-2023,31-12-2024,Cancelled,0,Technical Issues
SUB000078,CUST00078,Premium,Quarterly,1752.3,03-11-2022,,Active,1,
SUB000079,CUST00079,Basic,Quarterly,402.3,29-04-2022,,Paused,1,
SUB000080,CUST00080,Premium,Quarterly,1752.3,16-10-2022,,Active,1,
SUB000081,CUST00081,Standard,Annual,2990,28-07-2022,,Active,1,
SUB000082,CUST00082,Standard,Monthly,299,15-09-2022,18-01-2023,Cancelled,0,
SUB000083,CUST00083,Premium,Quarterly,1752.3,29-04-2024,,Paused,0,
SUB000084,CUST00084,Family,Annual,4990,29-02-2024,,Active,1,
SUB000085,CUST00085,Premium,Quarterly,1752.3,19-07-2023,,Paused,1,
SUB000086,CUST00086,Standard,Quarterly,807.3,19-03-2022,,Active,1,
SUB000087,CUST00087,Standard,Monthly,299,20-08-2023,,Active,1,
SUB000088,CUST00088,Standard,Monthly,299,12-02-2022,,Paused,0,
SUB000089,CUST00089,Standard,Quarterly,807.3,04-08-2022,,Paused,1,
SUB000090,CUST00090,Standard,Quarterly,807.3,24-06-2024,31-12-2024,Cancelled,1,Switching to Competitor
SUB000091,CUST00091,Standard,Quarterly,807.3,31-08-2022,,Active,1,
SUB000092,CUST00092,Basic,Annual,1490,03-07-2022,,Active,1,
SUB000093,CUST00093,Family,Monthly,499,01-10-2022,31-01-2023,Cancelled,1,Technical Issues
SUB000094,CUST00094,Standard,Annual,2990,29-05-2024,31-12-2024,Cancelled,0,Temporary Pause
SUB000095,CUST00095,Basic,Annual,1490,25-12-2022,,Active,1,
SUB000096,CUST00096,Premium,Quarterly,1752.3,07-11-2023,,Paused,1,
SUB000097,CUST00097,Premium,Annual,6490,04-06-2024,31-12-2024,Cancelled,1,Poor Streaming Quality
SUB000098,CUST00098,Basic,Annual,1490,14-02-2023,,Paused,1,
SUB000099,CUST00099,Standard,Annual,2990,17-06-2024,,Paused,1,
SUB000100,CUST00100,Premium,Quarterly,1752.3,09-02-2022,,Paused,0,
SUB000101,CUST00101,Standard,Quarterly,807.3,17-01-2024,,Active,1,
SUB000102,CUST00102,Basic,Monthly,149,29-04-2022,03-12-2022,Cancelled,1,
SUB000103,CUST00103,Premium,Quarterly,1752.3,15-02-2022,19-07-2023,Cancelled,1,Poor Streaming Quality
SUB000104,CUST00104,Premium,Annual,6490,05-12-2023,,Active,0,
SUB000105,CUST00105,Basic,Monthly,149,13-03-2022,,Active,1,
SUB000106,CUST00106,Standard,Annual,2990,11-11-2023,,Paused,1,
SUB000107,CUST00107,Basic,Quarterly,402.3,14-11-2023,31-12-2024,Cancelled,1,
SUB000108,CUST00108,Basic,Annual,1490,22-07-2023,,Active,1,
SUB000109,CUST00109,Basic,Annual,1490,25-11-2023,,Active,0,
SUB000110,CUST00110,Standard,Monthly,299,20-02-2023,08-04-2023,Cancelled,1,Temporary Pause
SUB000111,CUST00111,Basic,Quarterly,402.3,04-08-2022,,Active,1,
SUB000112,CUST00112,Basic,Annual,1490,22-04-2023,31-12-2024,Cancelled,1,Poor Streaming Quality
SUB000113,CUST00113,Basic,Monthly,149,08-06-2023,23-10-2023,Cancelled,1,Content Not Relevant
SUB000114,CUST00114,Standard,Monthly,299,18-10-2022,08-01-2023,Cancelled,1,Poor Streaming Quality
SUB000115,CUST00115,Premium,Annual,6490,18-04-2024,,Active,0,
SUB000116,CUST00116,Basic,Annual,1490,31-05-2022,,Active,1,
SUB000117,CUST00117,Basic,Monthly,149,18-09-2023,,Paused,0,
SUB000118,CUST00118,Premium,Annual,6490,19-07-2022,31-12-2024,Cancelled,1,
SUB000119,CUST00119,Standard,Monthly,299,01-06-2022,,Active,0,
SUB000120,CUST00120,Premium,Quarterly,1752.3,13-08-2022,11-09-2023,Cancelled,1,Switching to Competitor
SUB000121,CUST00121,Standard,Monthly,299,25-07-2023,,Paused,1,
SUB000122,CUST00122,Standard,Annual,2990,31-03-2024,31-12-2024,Cancelled,1,Poor Streaming Quality
SUB000123,CUST00123,Standard,Monthly,299,21-11-2022,30-01-2023,Cancelled,1,Temporary Pause
SUB000124,CUST00124,Standard,Monthly,299,13-03-2023,,Active,1,
SUB000125,CUST00125,Standard,Annual,2990,06-04-2023,31-12-2024,Cancelled,1,Content Not Relevant
SUB000126,CUST00126,Standard,Quarterly,807.3,24-02-2024,,Active,1,
SUB000127,CUST00127,Basic,Monthly,149,09-10-2022,,Active,0,
SUB000128,CUST00128,Standard,Annual,2990,29-08-2022,,Active,0,
SUB000129,CUST00129,Standard,Monthly,299,24-03-2022,,Active,1,
SUB000130,CUST00130,Basic,Monthly,149,12-12-2023,20-07-2024,Cancelled,1,
SUB000131,CUST00131,Standard,Monthly,299,22-02-2023,,Active,0,
SUB000132,CUST00132,Family,Monthly,499,05-03-2022,,Active,1,
SUB000133,CUST00133,Basic,Monthly,149,14-12-2023,,Active,1,
SUB000134,CUST00134,Basic,Annual,1490,07-01-2022,,Active,0,
SUB000135,CUST00135,Premium,Annual,6490,06-07-2023,31-12-2024,Cancelled,1,Switching to Competitor
SUB000136,CUST00136,Basic,Monthly,149,13-08-2022,,Active,1,
SUB000137,CUST00137,Standard,Annual,2990,03-02-2023,,Active,1,
SUB000138,CUST00138,Standard,Quarterly,807.3,10-05-2024,12-08-2024,Cancelled,1,Poor Streaming Quality
SUB000139,CUST00139,Premium,Monthly,649,28-01-2022,,Active,1,
SUB000140,CUST00140,Basic,Quarterly,402.3,27-03-2022,09-07-2022,Cancelled,1,Technical Issues
SUB000141,CUST00141,Standard,Monthly,299,06-07-2022,29-08-2022,Cancelled,0,Switching to Competitor
SUB000142,CUST00142,Premium,Monthly,649,05-08-2022,,Active,1,
SUB000143,CUST00143,Standard,Annual,2990,12-10-2022,31-12-2024,Cancelled,0,Poor Streaming Quality
SUB000144,CUST00144,Family,Monthly,499,20-01-2022,18-03-2022,Cancelled,1,Found Free Alternative
SUB000145,CUST00145,Basic,Quarterly,402.3,28-10-2023,,Active,1,
SUB000146,CUST00146,Basic,Monthly,149,24-07-2022,19-03-2023,Cancelled,1,Found Free Alternative
SUB000147,CUST00147,Basic,Monthly,149,10-05-2022,,Paused,1,
SUB000148,CUST00148,Premium,Annual,6490,22-04-2023,31-12-2024,Cancelled,0,Found Free Alternative
SUB000149,CUST00149,Family,Annual,4990,14-09-2023,,Active,1,
SUB000150,CUST00150,Basic,Annual,1490,16-08-2023,31-12-2024,Cancelled,1,Found Free Alternative
SUB000151,CUST00151,Basic,Annual,1490,11-02-2023,,Active,0,
SUB000152,CUST00152,Standard,Monthly,299,15-04-2022,19-10-2022,Cancelled,1,Temporary Pause
SUB000153,CUST00153,Basic,Quarterly,402.3,12-03-2024,,Active,1,
SUB000154,CUST00154,Basic,Quarterly,402.3,09-11-2023,11-07-2024,Cancelled,1,Technical Issues
SUB000155,CUST00155,Standard,Monthly,299,13-01-2022,,Paused,0,
SUB000156,CUST00156,Premium,Monthly,649,06-01-2023,19-07-2023,Cancelled,1,Poor Streaming Quality
SUB000157,CUST00157,Standard,Quarterly,807.3,22-03-2023,,Active,0,
SUB000158,CUST00158,Standard,Monthly,299,23-09-2023,05-11-2023,Cancelled,0,Technical Issues
SUB000159,CUST00159,Premium,Annual,6490,25-04-2024,,Paused,0,
SUB000160,CUST00160,Standard,Quarterly,807.3,30-04-2024,,Active,1,
SUB000161,CUST00161,Basic,Monthly,149,08-02-2024,14-04-2024,Cancelled,1,Switching to Competitor
SUB000162,CUST00162,Basic,Annual,1490,11-12-2022,,Active,1,
SUB000163,CUST00163,Standard,Quarterly,807.3,15-05-2023,,Active,1,
SUB000164,CUST00164,Premium,Monthly,649,14-10-2022,,Active,1,
SUB000165,CUST00165,Basic,Quarterly,402.3,14-06-2023,,Active,1,
SUB000166,CUST00166,Premium,Quarterly,1752.3,16-05-2023,16-08-2024,Cancelled,1,Poor Streaming Quality
SUB000167,CUST00167,Basic,Quarterly,402.3,24-10-2023,,Paused,1,
SUB000168,CUST00168,Premium,Quarterly,1752.3,29-10-2022,21-02-2024,Cancelled,1,Content Not Relevant
SUB000169,CUST00169,Premium,Quarterly,1752.3,10-11-2022,,Active,0,
SUB000170,CUST00170,Premium,Quarterly,1752.3,21-07-2023,,Active,1,
SUB000171,CUST00171,Basic,Annual,1490,05-12-2022,,Active,1,
SUB000172,CUST00172,Basic,Quarterly,402.3,15-09-2022,26-06-2023,Cancelled,1,Too Expensive
SUB000173,CUST00173,Premium,Annual,6490,20-11-2022,,Paused,1,
SUB000174,CUST00174,Family,Quarterly,1347.3,16-07-2022,,Active,1,
SUB000175,CUST00175,Standard,Annual,2990,18-02-2024,,Active,1,
SUB000176,CUST00176,Premium,Monthly,649,02-05-2024,,Active,1,
SUB000177,CUST00177,Premium,Quarterly,1752.3,03-07-2022,,Active,0,
SUB000178,CUST00178,Premium,Annual,6490,10-05-2022,,Active,0,
SUB000179,CUST00179,Standard,Quarterly,807.3,27-10-2022,,Active,1,
SUB000180,CUST00180,Basic,Quarterly,402.3,11-08-2023,,Active,0,
SUB000181,CUST00181,Standard,Monthly,299,15-12-2022,10-05-2023,Cancelled,0,Switching to Competitor
SUB000182,CUST00182,Basic,Annual,1490,27-04-2022,,Active,1,
SUB000183,CUST00183,Basic,Monthly,149,14-08-2023,,Paused,1,
SUB000184,CUST00184,Premium,Monthly,649,10-04-2024,,Active,1,
SUB000185,CUST00185,Basic,Quarterly,402.3,02-05-2022,05-06-2023,Cancelled,0,Poor Streaming Quality
SUB000186,CUST00186,Standard,Annual,2990,20-03-2024,,Active,1,
SUB000187,CUST00187,Standard,Quarterly,807.3,07-04-2023,,Active,0,
SUB000188,CUST00188,Basic,Annual,1490,09-11-2022,,Active,1,
SUB000189,CUST00189,Family,Quarterly,1347.3,28-01-2024,07-07-2024,Cancelled,0,Poor Streaming Quality
SUB000190,CUST00190,Standard,Annual,2990,28-09-2022,31-12-2024,Cancelled,1,Switching to Competitor
SUB000191,CUST00191,Standard,Annual,2990,27-06-2022,31-12-2024,Cancelled,1,Content Not Relevant
SUB000192,CUST00192,Standard,Monthly,299,23-02-2023,09-04-2023,Cancelled,0,Switching to Competitor
SUB000193,CUST00193,Premium,Monthly,649,03-02-2022,17-06-2022,Cancelled,1,Content Not Relevant
SUB000194,CUST00194,Premium,Monthly,649,21-12-2023,10-02-2024,Cancelled,1,Content Not Relevant
SUB000195,CUST00195,Basic,Quarterly,402.3,28-09-2022,24-08-2023,Cancelled,1,
SUB000196,CUST00196,Standard,Monthly,299,12-03-2023,18-06-2023,Cancelled,1,Too Expensive
SUB000197,CUST00197,Basic,Annual,1490,30-09-2022,,Paused,0,
SUB000198,CUST00198,Standard,Quarterly,807.3,22-03-2024,,Paused,1,
SUB000199,CUST00199,Standard,Quarterly,807.3,23-10-2022,,Active,1,
SUB000200,CUST00200,Premium,Quarterly,1752.3,18-12-2023,,Paused,0,
SUB000201,CUST00201,Basic,Quarterly,402.3,21-05-2023,,Active,1,
SUB000202,CUST00202,Standard,Annual,2990,29-06-2024,,Active,1,
SUB000203,CUST00203,Standard,Annual,2990,27-01-2022,31-12-2024,Cancelled,1,
SUB000204,CUST00204,Standard,Annual,2990,25-08-2023,,Paused,0,
SUB000205,CUST00205,Basic,Annual,1490,21-02-2024,,Active,1,
SUB000206,CUST00206,Standard,Monthly,299,12-10-2022,,Active,0,
SUB000207,CUST00207,Standard,Annual,2990,04-04-2022,,Active,1,
SUB000208,CUST00208,Standard,Quarterly,807.3,25-11-2022,,Active,0,
SUB000209,CUST00209,Standard,Annual,2990,26-02-2023,31-12-2024,Cancelled,0,Too Expensive
SUB000210,CUST00210,Basic,Monthly,149,13-04-2024,01-11-2024,Cancelled,0,
SUB000211,CUST00211,Basic,Quarterly,402.3,19-11-2022,,Paused,0,
SUB000212,CUST00212,Standard,Monthly,299,04-06-2024,31-12-2024,Cancelled,0,Content Not Relevant
SUB000213,CUST00213,Basic,Annual,1490,19-04-2023,31-12-2024,Cancelled,1,Temporary Pause
SUB000214,CUST00214,Basic,Quarterly,402.3,06-01-2023,,Active,0,
SUB000215,CUST00215,Basic,Annual,1490,18-02-2024,,Paused,1,
SUB000216,CUST00216,Premium,Quarterly,1752.3,15-05-2022,,Active,0,
SUB000217,CUST00217,Standard,Annual,2990,05-05-2022,,Paused,0,
SUB000218,CUST00218,Standard,Annual,2990,15-11-2022,,Paused,1,
SUB000219,CUST00219,Basic,Monthly,149,06-04-2022,03-06-2022,Cancelled,1,Found Free Alternative
SUB000220,CUST00220,Premium,Monthly,649,26-10-2023,,Active,0,
SUB000221,CUST00221,Standard,Quarterly,807.3,06-06-2023,,Active,1,
SUB000222,CUST00222,Basic,Annual,1490,07-09-2022,31-12-2024,Cancelled,1,Found Free Alternative
SUB000223,CUST00223,Premium,Annual,6490,15-07-2022,,Active,0,
SUB000224,CUST00224,Standard,Annual,2990,03-06-2024,31-12-2024,Cancelled,1,
SUB000225,CUST00225,Standard,Quarterly,807.3,17-03-2024,,Paused,0,
SUB000226,CUST00226,Standard,Annual,2990,14-01-2024,31-12-2024,Cancelled,0,Found Free Alternative
SUB000227,CUST00227,Standard,Annual,2990,05-06-2024,31-12-2024,Cancelled,1,Technical Issues
SUB000228,CUST00228,Standard,Annual,2990,20-12-2022,,Active,1,
SUB000229,CUST00229,Basic,Annual,1490,12-04-2023,31-12-2024,Cancelled,0,Too Expensive
SUB000230,CUST00230,Family,Monthly,499,09-08-2023,,Paused,1,
SUB000231,CUST00231,Family,Annual,4990,22-11-2022,,Active,1,
SUB000232,CUST00232,Standard,Quarterly,807.3,23-05-2023,,Paused,1,
SUB000233,CUST00233,Premium,Quarterly,1752.3,06-12-2022,20-12-2023,Cancelled,1,Technical Issues
SUB000234,CUST00234,Premium,Annual,6490,13-04-2023,,Active,1,
SUB000235,CUST00235,Premium,Annual,6490,18-03-2022,,Active,0,
SUB000236,CUST00236,Standard,Annual,2990,11-12-2023,31-12-2024,Cancelled,1,
SUB000237,CUST00237,Basic,Monthly,149,25-01-2023,17-09-2023,Cancelled,0,Technical Issues
SUB000238,CUST00238,Premium,Monthly,649,25-09-2023,,Active,0,
SUB000239,CUST00239,Premium,Monthly,649,21-08-2022,,Paused,0,
SUB000240,CUST00240,Premium,Monthly,649,31-03-2023,29-08-2023,Cancelled,1,Too Expensive
SUB000241,CUST00241,Basic,Annual,1490,29-11-2022,,Paused,1,
SUB000242,CUST00242,Standard,Quarterly,807.3,18-03-2023,15-10-2023,Cancelled,1,Poor Streaming Quality
SUB000243,CUST00243,Standard,Annual,2990,03-08-2023,,Active,0,
SUB000244,CUST00244,Premium,Annual,6490,17-09-2023,,Active,1,
SUB000245,CUST00245,Premium,Annual,6490,25-05-2023,,Paused,1,
SUB000246,CUST00246,Basic,Monthly,149,16-10-2023,19-03-2024,Cancelled,0,Technical Issues
SUB000247,CUST00247,Basic,Annual,1490,03-04-2024,,Paused,1,
SUB000248,CUST00248,Standard,Monthly,299,11-06-2022,,Active,1,
SUB000249,CUST00249,Standard,Annual,2990,03-11-2022,,Active,0,
SUB000250,CUST00250,Basic,Quarterly,402.3,13-04-2023,31-12-2024,Cancelled,1,Poor Streaming Quality
SUB000251,CUST00251,Premium,Monthly,649,20-04-2022,,Paused,1,
SUB000252,CUST00252,Standard,Annual,2990,12-08-2023,,Active,1,
SUB000253,CUST00253,Family,Monthly,499,09-10-2022,10-04-2023,Cancelled,0,Switching to Competitor
SUB000254,CUST00254,Basic,Quarterly,402.3,13-09-2023,,Active,1,
SUB000255,CUST00255,Basic,Monthly,149,01-04-2024,,Active,0,
SUB000256,CUST00256,Basic,Monthly,149,28-09-2023,28-11-2023,Cancelled,0,Temporary Pause
SUB000257,CUST00257,Standard,Annual,2990,05-10-2023,04-10-2024,Cancelled,1,Temporary Pause
SUB000258,CUST00258,Basic,Annual,1490,04-02-2022,,Active,0,
SUB000259,CUST00259,Standard,Monthly,299,03-04-2022,,Active,0,
SUB000260,CUST00260,Family,Quarterly,1347.3,29-06-2022,,Active,0,
SUB000261,CUST00261,Basic,Monthly,149,28-06-2023,14-09-2023,Cancelled,1,Temporary Pause
SUB000262,CUST00262,Premium,Monthly,649,24-04-2024,,Active,0,
SUB000263,CUST00263,Standard,Monthly,299,03-04-2024,,Paused,1,
SUB000264,CUST00264,Standard,Quarterly,807.3,12-02-2024,,Active,1,
SUB000265,CUST00265,Standard,Quarterly,807.3,03-04-2022,,Active,0,
SUB000266,CUST00266,Basic,Annual,1490,07-05-2022,,Active,0,
SUB000267,CUST00267,Standard,Annual,2990,22-08-2023,,Active,1,
SUB000268,CUST00268,Premium,Quarterly,1752.3,28-04-2023,,Paused,1,
SUB000269,CUST00269,Basic,Annual,1490,17-09-2023,31-12-2024,Cancelled,1,Content Not Relevant
SUB000270,CUST00270,Standard,Quarterly,807.3,19-12-2023,17-06-2024,Cancelled,1,Found Free Alternative
SUB000271,CUST00271,Premium,Monthly,649,16-02-2022,,Active,1,
SUB000272,CUST00272,Basic,Quarterly,402.3,10-04-2022,,Active,1,
SUB000273,CUST00273,Family,Monthly,499,10-04-2023,12-11-2023,Cancelled,1,
SUB000274,CUST00274,Basic,Quarterly,402.3,31-01-2024,,Active,0,
SUB000275,CUST00275,Basic,Monthly,149,03-05-2024,,Active,1,
SUB000276,CUST00276,Family,Quarterly,1347.3,03-02-2022,30-10-2023,Cancelled,0,Poor Streaming Quality
SUB000277,CUST00277,Standard,Monthly,299,30-08-2022,23-03-2023,Cancelled,0,Switching to Competitor
SUB000278,CUST00278,Standard,Monthly,299,12-07-2023,,Active,1,
SUB000279,CUST00279,Family,Annual,4990,10-10-2022,,Active,0,
SUB000280,CUST00280,Standard,Annual,2990,10-11-2023,,Paused,1,
SUB000281,CUST00281,Premium,Annual,6490,16-03-2024,31-12-2024,Cancelled,0,Technical Issues
SUB000282,CUST00282,Standard,Monthly,299,30-07-2022,,Paused,1,
SUB000283,CUST00283,Premium,Annual,6490,10-08-2022,31-12-2024,Cancelled,1,Switching to Competitor
SUB000284,CUST00284,Standard,Monthly,299,03-01-2022,,Paused,1,
SUB000285,CUST00285,Family,Quarterly,1347.3,14-09-2022,,Active,1,
SUB000286,CUST00286,Standard,Annual,2990,15-05-2022,,Active,1,
SUB000287,CUST00287,Basic,Monthly,149,28-11-2022,,Active,0,
SUB000288,CUST00288,Standard,Annual,2990,10-05-2022,,Active,0,
SUB000289,CUST00289,Standard,Annual,2990,03-05-2023,,Active,0,
SUB000290,CUST00290,Standard,Monthly,299,22-04-2022,,Active,1,
SUB000291,CUST00291,Basic,Monthly,149,14-02-2022,,Active,1,
SUB000292,CUST00292,Standard,Monthly,299,21-10-2023,,Active,1,
SUB000293,CUST00293,Family,Monthly,499,13-03-2023,,Active,1,
SUB000294,CUST00294,Basic,Quarterly,402.3,17-03-2022,17-06-2022,Cancelled,0,Poor Streaming Quality
SUB000295,CUST00295,Basic,Quarterly,402.3,09-03-2022,,Active,1,
SUB000296,CUST00296,Premium,Quarterly,1752.3,16-07-2023,20-10-2023,Cancelled,0,
SUB000297,CUST00297,Standard,Quarterly,807.3,29-10-2022,20-01-2024,Cancelled,0,Switching to Competitor
SUB000298,CUST00298,Standard,Monthly,299,12-04-2022,14-09-2022,Cancelled,1,Content Not Relevant
SUB000299,CUST00299,Standard,Monthly,299,17-03-2023,,Paused,1,
SUB000300,CUST00300,Basic,Annual,1490,27-04-2024,31-12-2024,Cancelled,1,Found Free Alternative
SUB000301,CUST00301,Basic,Quarterly,402.3,17-11-2022,,Active,1,
SUB000302,CUST00302,Family,Annual,4990,19-01-2023,,Active,1,
SUB000303,CUST00303,Standard,Quarterly,807.3,01-05-2024,31-12-2024,Cancelled,1,Technical Issues
SUB000304,CUST00304,Basic,Monthly,149,02-02-2024,,Active,1,
SUB000305,CUST00305,Basic,Monthly,149,24-08-2023,,Active,1,
SUB000306,CUST00306,Standard,Annual,2990,25-02-2023,,Active,1,
SUB000307,CUST00307,Premium,Quarterly,1752.3,22-10-2022,,Paused,1,
SUB000308,CUST00308,Basic,Monthly,149,15-08-2023,,Active,1,
SUB000309,CUST00309,Standard,Monthly,299,18-08-2022,,Active,1,
SUB000310,CUST00310,Standard,Quarterly,807.3,28-04-2022,,Active,1,
SUB000311,CUST00311,Standard,Quarterly,807.3,15-05-2024,,Paused,1,
SUB000312,CUST00312,Standard,Annual,2990,27-01-2022,,Active,1,
SUB000313,CUST00313,Premium,Quarterly,1752.3,07-10-2022,,Active,0,
SUB000314,CUST00314,Premium,Monthly,649,05-07-2022,,Active,0,
SUB000315,CUST00315,Premium,Annual,6490,13-03-2022,31-12-2024,Cancelled,0,Switching to Competitor
SUB000316,CUST00316,Basic,Monthly,149,09-08-2022,,Active,1,
SUB000317,CUST00317,Family,Quarterly,1347.3,11-06-2022,01-04-2023,Cancelled,1,Too Expensive
SUB000318,CUST00318,Standard,Annual,2990,06-03-2024,31-12-2024,Cancelled,1,Found Free Alternative
SUB000319,CUST00319,Standard,Monthly,299,09-06-2022,,Active,1,
SUB000320,CUST00320,Basic,Quarterly,402.3,06-10-2022,29-12-2023,Cancelled,0,Poor Streaming Quality
SUB000321,CUST00321,Basic,Monthly,149,29-03-2023,28-04-2023,Cancelled,1,Found Free Alternative
SUB000322,CUST00322,Basic,Quarterly,402.3,27-04-2022,07-04-2024,Cancelled,1,Poor Streaming Quality
SUB000323,CUST00323,Basic,Quarterly,402.3,26-11-2023,,Active,1,
SUB000324,CUST00324,Basic,Monthly,149,16-02-2022,,Active,1,
SUB000325,CUST00325,Standard,Quarterly,807.3,08-01-2022,,Active,1,
SUB000326,CUST00326,Standard,Monthly,299,22-02-2024,,Active,1,
SUB000327,CUST00327,Basic,Annual,1490,08-01-2022,,Active,0,
SUB000328,CUST00328,Family,Annual,4990,25-01-2023,,Active,0,
SUB000329,CUST00329,Standard,Monthly,299,03-05-2024,19-10-2024,Cancelled,0,Found Free Alternative
SUB000330,CUST00330,Standard,Quarterly,807.3,01-06-2024,,Active,0,
SUB000331,CUST00331,Premium,Monthly,649,21-03-2022,05-08-2022,Cancelled,0,Temporary Pause
SUB000332,CUST00332,Premium,Annual,6490,19-02-2023,,Active,1,
SUB000333,CUST00333,Standard,Monthly,299,19-02-2023,,Active,1,
SUB000334,CUST00334,Standard,Annual,2990,17-04-2023,,Active,0,
SUB000335,CUST00335,Basic,Monthly,149,07-09-2022,28-02-2023,Cancelled,1,Technical Issues
SUB000336,CUST00336,Premium,Quarterly,1752.3,22-03-2022,,Active,1,
SUB000337,CUST00337,Standard,Annual,2990,15-08-2022,,Paused,1,
SUB000338,CUST00338,Standard,Monthly,299,11-10-2023,20-12-2023,Cancelled,0,Technical Issues
SUB000339,CUST00339,Standard,Monthly,299,05-03-2024,,Paused,0,
SUB000340,CUST00340,Premium,Annual,6490,30-08-2022,31-12-2024,Cancelled,1,Temporary Pause
SUB000341,CUST00341,Standard,Monthly,299,27-06-2022,10-12-2022,Cancelled,1,Temporary Pause
SUB000342,CUST00342,Basic,Monthly,149,01-07-2022,,Active,1,
SUB000343,CUST00343,Basic,Monthly,149,18-02-2024,,Active,1,
SUB000344,CUST00344,Standard,Monthly,299,21-10-2023,,Active,1,
SUB000345,CUST00345,Basic,Annual,1490,04-06-2022,,Active,0,
SUB000346,CUST00346,Basic,Annual,1490,09-10-2023,31-12-2024,Cancelled,0,Too Expensive
SUB000347,CUST00347,Premium,Monthly,649,27-12-2022,,Active,1,
SUB000348,CUST00348,Basic,Monthly,149,08-04-2023,,Active,0,
SUB000349,CUST00349,Premium,Quarterly,1752.3,20-03-2022,,Active,0,
SUB000350,CUST00350,Standard,Annual,2990,04-06-2023,31-12-2024,Cancelled,1,Found Free Alternative
SUB000351,CUST00351,Basic,Annual,1490,21-03-2024,,Paused,1,
SUB000352,CUST00352,Standard,Annual,2990,26-11-2022,,Active,1,
SUB000353,CUST00353,Family,Monthly,499,05-03-2022,,Paused,1,
SUB000354,CUST00354,Premium,Monthly,649,01-06-2023,03-11-2023,Cancelled,0,Switching to Competitor
SUB000355,CUST00355,Standard,Monthly,299,26-12-2023,10-03-2024,Cancelled,1,Technical Issues
SUB000356,CUST00356,Basic,Monthly,149,17-09-2023,,Paused,0,
SUB000357,CUST00357,Family,Monthly,499,01-02-2023,,Active,0,
SUB000358,CUST00358,Premium,Monthly,649,23-02-2022,,Paused,1,
SUB000359,CUST00359,Basic,Monthly,149,07-04-2022,,Active,1,
SUB000360,CUST00360,Basic,Monthly,149,12-01-2024,20-07-2024,Cancelled,0,Too Expensive
SUB000361,CUST00361,Premium,Monthly,649,25-03-2022,,Active,0,
SUB000362,CUST00362,Premium,Quarterly,1752.3,03-11-2023,,Active,1,
SUB000363,CUST00363,Basic,Annual,1490,27-12-2023,,Active,1,
SUB000364,CUST00364,Standard,Monthly,299,21-10-2023,07-04-2024,Cancelled,0,Temporary Pause
SUB000365,CUST00365,Standard,Monthly,299,06-04-2022,17-05-2022,Cancelled,1,Temporary Pause
SUB000366,CUST00366,Basic,Quarterly,402.3,19-01-2022,04-12-2022,Cancelled,1,Technical Issues
SUB000367,CUST00367,Standard,Monthly,299,16-12-2022,,Active,1,
SUB000368,CUST00368,Family,Annual,4990,08-06-2022,,Active,1,
SUB000369,CUST00369,Basic,Monthly,149,29-02-2024,10-06-2024,Cancelled,1,Content Not Relevant
SUB000370,CUST00370,Standard,Monthly,299,16-06-2024,,Active,1,
SUB000371,CUST00371,Standard,Monthly,299,07-06-2022,,Active,0,
SUB000372,CUST00372,Basic,Quarterly,402.3,08-04-2024,31-12-2024,Cancelled,0,Temporary Pause
SUB000373,CUST00373,Standard,Monthly,299,09-01-2023,15-06-2023,Cancelled,0,Found Free Alternative
SUB000374,CUST00374,Family,Annual,4990,10-02-2024,,Active,1,
SUB000375,CUST00375,Premium,Monthly,649,13-11-2022,22-03-2023,Cancelled,1,
SUB000376,CUST00376,Premium,Monthly,649,28-03-2023,,Active,1,
SUB000377,CUST00377,Basic,Monthly,149,25-06-2023,31-10-2023,Cancelled,1,Found Free Alternative
SUB000378,CUST00378,Standard,Quarterly,807.3,22-05-2022,,Paused,0,
SUB000379,CUST00379,Premium,Quarterly,1752.3,14-06-2024,31-12-2024,Cancelled,1,Poor Streaming Quality
SUB000380,CUST00380,Standard,Annual,2990,21-05-2024,,Active,1,
SUB000381,CUST00381,Basic,Annual,1490,07-10-2022,,Active,0,
SUB000382,CUST00382,Basic,Quarterly,402.3,04-04-2022,20-07-2022,Cancelled,1,
SUB000383,CUST00383,Family,Monthly,499,01-03-2023,28-06-2023,Cancelled,1,Switching to Competitor
SUB000384,CUST00384,Basic,Monthly,149,30-08-2022,,Paused,1,
SUB000385,CUST00385,Basic,Monthly,149,29-01-2022,04-04-2022,Cancelled,1,Switching to Competitor
SUB000386,CUST00386,Standard,Monthly,299,21-03-2024,,Paused,1,
SUB000387,CUST00387,Basic,Monthly,149,29-04-2024,,Active,1,
SUB000388,CUST00388,Premium,Monthly,649,05-04-2023,06-08-2023,Cancelled,1,Content Not Relevant
SUB000389,CUST00389,Basic,Monthly,149,20-09-2022,,Paused,1,
SUB000390,CUST00390,Premium,Quarterly,1752.3,25-06-2023,,Active,1,
SUB000391,CUST00391,Standard,Quarterly,807.3,05-11-2022,,Active,1,
SUB000392,CUST00392,Basic,Monthly,149,17-10-2023,,Active,0,
SUB000393,CUST00393,Premium,Annual,6490,06-05-2024,31-12-2024,Cancelled,1,
SUB000394,CUST00394,Standard,Quarterly,807.3,10-10-2023,,Active,0,
SUB000395,CUST00395,Basic,Monthly,149,26-10-2022,18-12-2022,Cancelled,0,Poor Streaming Quality
SUB000396,CUST00396,Family,Monthly,499,04-09-2022,,Paused,0,
SUB000397,CUST00397,Basic,Quarterly,402.3,21-06-2023,31-12-2024,Cancelled,0,Content Not Relevant
SUB000398,CUST00398,Premium,Quarterly,1752.3,04-06-2023,,Paused,1,
SUB000399,CUST00399,Basic,Quarterly,402.3,13-06-2024,,Active,1,
SUB000400,CUST00400,Basic,Monthly,149,18-01-2023,,Active,1,
SUB000401,CUST00401,Basic,Monthly,149,20-12-2022,,Active,1,
SUB000402,CUST00402,Standard,Quarterly,807.3,17-05-2022,09-03-2023,Cancelled,0,Too Expensive
SUB000403,CUST00403,Basic,Monthly,149,13-04-2024,,Active,0,
SUB000404,CUST00404,Family,Quarterly,1347.3,14-12-2023,31-12-2024,Cancelled,1,Temporary Pause
SUB000405,CUST00405,Basic,Quarterly,402.3,04-01-2024,,Paused,0,
SUB000406,CUST00406,Basic,Quarterly,402.3,14-02-2022,,Active,0,
SUB000407,CUST00407,Standard,Quarterly,807.3,12-06-2023,,Active,0,
SUB000408,CUST00408,Premium,Monthly,649,07-02-2022,28-09-2022,Cancelled,1,
SUB000409,CUST00409,Standard,Monthly,299,01-06-2024,08-08-2024,Cancelled,0,
SUB000410,CUST00410,Basic,Annual,1490,29-03-2024,31-12-2024,Cancelled,1,Switching to Competitor
SUB000411,CUST00411,Premium,Monthly,649,31-01-2023,,Active,1,
SUB000412,CUST00412,Premium,Quarterly,1752.3,12-01-2023,26-06-2024,Cancelled,1,Poor Streaming Quality
SUB000413,CUST00413,Basic,Annual,1490,22-03-2022,,Active,0,
SUB000414,CUST00414,Standard,Quarterly,807.3,28-10-2022,10-02-2023,Cancelled,1,Temporary Pause
SUB000415,CUST00415,Standard,Monthly,299,08-11-2023,,Paused,1,
SUB000416,CUST00416,Basic,Quarterly,402.3,05-01-2024,31-12-2024,Cancelled,0,Found Free Alternative
SUB000417,CUST00417,Standard,Monthly,299,26-12-2022,10-08-2023,Cancelled,1,Temporary Pause
SUB000418,CUST00418,Family,Quarterly,1347.3,22-09-2023,,Paused,0,
SUB000419,CUST00419,Family,Monthly,499,18-03-2022,,Paused,1,
SUB000420,CUST00420,Standard,Quarterly,807.3,31-03-2024,,Active,1,
SUB000421,CUST00421,Standard,Annual,2990,26-11-2023,,Active,1,
SUB000422,CUST00422,Standard,Annual,2990,30-08-2022,,Active,0,
SUB000423,CUST00423,Family,Monthly,499,04-08-2023,,Active,0,
SUB000424,CUST00424,Premium,Monthly,649,15-01-2023,12-03-2023,Cancelled,1,Poor Streaming Quality
SUB000425,CUST00425,Basic,Quarterly,402.3,21-05-2022,,Active,1,
SUB000426,CUST00426,Premium,Annual,6490,28-10-2023,31-12-2024,Cancelled,1,
SUB000427,CUST00427,Basic,Monthly,149,24-01-2024,,Paused,1,
SUB000428,CUST00428,Basic,Quarterly,402.3,30-07-2023,12-10-2024,Cancelled,0,
SUB000429,CUST00429,Basic,Annual,1490,08-08-2022,,Active,1,
SUB000430,CUST00430,Basic,Monthly,149,24-07-2022,,Active,0,
SUB000431,CUST00431,Basic,Annual,1490,26-06-2022,31-12-2024,Cancelled,1,Too Expensive
SUB000432,CUST00432,Family,Quarterly,1347.3,15-11-2023,,Paused,1,
SUB000433,CUST00433,Basic,Monthly,149,25-10-2022,,Paused,1,
SUB000434,CUST00434,Basic,Monthly,149,23-03-2024,09-05-2024,Cancelled,1,Poor Streaming Quality
SUB000435,CUST00435,Basic,Annual,1490,25-07-2022,,Paused,0,
SUB000436,CUST00436,Basic,Quarterly,402.3,05-01-2023,30-05-2023,Cancelled,1,Poor Streaming Quality
SUB000437,CUST00437,Standard,Quarterly,807.3,02-04-2024,31-12-2024,Cancelled,1,
SUB000438,CUST00438,Standard,Annual,2990,09-03-2022,,Paused,1,
SUB000439,CUST00439,Family,Annual,4990,23-06-2023,,Active,0,
SUB000440,CUST00440,Premium,Annual,6490,09-05-2022,31-12-2024,Cancelled,0,Switching to Competitor
SUB000441,CUST00441,Standard,Annual,2990,28-11-2023,,Active,1,
SUB000442,CUST00442,Basic,Quarterly,402.3,18-10-2023,,Paused,1,
SUB000443,CUST00443,Basic,Annual,1490,30-05-2023,,Active,1,
SUB000444,CUST00444,Family,Monthly,499,08-11-2022,,Active,1,
SUB000445,CUST00445,Basic,Monthly,149,21-12-2022,,Active,0,
SUB000446,CUST00446,Standard,Quarterly,807.3,21-07-2022,02-05-2023,Cancelled,0,Too Expensive
SUB000447,CUST00447,Standard,Quarterly,807.3,03-10-2023,10-11-2024,Cancelled,0,Content Not Relevant
SUB000448,CUST00448,Standard,Annual,2990,30-05-2023,,Paused,1,
SUB000449,CUST00449,Standard,Annual,2990,07-06-2022,,Active,1,
SUB000450,CUST00450,Family,Quarterly,1347.3,12-12-2022,,Active,0,
SUB000451,CUST00451,Standard,Annual,2990,16-02-2022,,Active,0,
SUB000452,CUST00452,Standard,Quarterly,807.3,25-02-2024,,Active,1,
SUB000453,CUST00453,Premium,Monthly,649,25-05-2023,28-06-2023,Cancelled,0,Poor Streaming Quality
SUB000454,CUST00454,Basic,Annual,1490,10-05-2023,,Active,0,
SUB000455,CUST00455,Standard,Annual,2990,16-03-2022,,Active,1,
SUB000456,CUST00456,Basic,Quarterly,402.3,11-05-2023,,Active,1,
SUB000457,CUST00457,Premium,Monthly,649,28-05-2022,,Paused,1,
SUB000458,CUST00458,Family,Annual,4990,13-02-2023,,Paused,1,
SUB000459,CUST00459,Family,Monthly,499,19-04-2022,,Active,0,
SUB000460,CUST00460,Basic,Quarterly,402.3,01-10-2022,,Active,1,
SUB000461,CUST00461,Basic,Monthly,149,21-02-2022,26-06-2022,Cancelled,0,Found Free Alternative
SUB000462,CUST00462,Standard,Annual,2990,12-09-2022,,Active,0,
SUB000463,CUST00463,Family,Monthly,499,14-07-2022,,Paused,1,
SUB000464,CUST00464,Premium,Annual,6490,26-05-2023,,Paused,0,
SUB000465,CUST00465,Basic,Quarterly,402.3,07-02-2023,,Paused,1,
SUB000466,CUST00466,Basic,Monthly,149,21-08-2023,,Paused,0,
SUB000467,CUST00467,Family,Annual,4990,22-05-2023,31-12-2024,Cancelled,1,Content Not Relevant
SUB000468,CUST00468,Basic,Quarterly,402.3,09-01-2022,07-12-2023,Cancelled,1,Too Expensive
SUB000469,CUST00469,Standard,Annual,2990,15-01-2024,,Active,0,
SUB000470,CUST00470,Standard,Annual,2990,15-02-2023,,Paused,0,
SUB000471,CUST00471,Standard,Quarterly,807.3,07-01-2023,20-11-2023,Cancelled,1,Technical Issues
SUB000472,CUST00472,Standard,Monthly,299,01-06-2023,,Paused,1,
SUB000473,CUST00473,Standard,Quarterly,807.3,28-11-2023,22-07-2024,Cancelled,0,Too Expensive
SUB000474,CUST00474,Standard,Annual,2990,08-02-2023,,Active,1,
SUB000475,CUST00475,Family,Monthly,499,13-02-2024,25-05-2024,Cancelled,1,Switching to Competitor
SUB000476,CUST00476,Basic,Quarterly,402.3,16-02-2023,,Active,1,
SUB000477,CUST00477,Basic,Monthly,149,21-05-2022,,Paused,0,
SUB000478,CUST00478,Basic,Annual,1490,02-06-2022,,Active,0,
SUB000479,CUST00479,Family,Monthly,499,20-09-2023,22-10-2023,Cancelled,1,Too Expensive
SUB000480,CUST00480,Basic,Quarterly,402.3,28-01-2024,,Paused,0,
SUB000481,CUST00481,Standard,Monthly,299,28-04-2024,03-12-2024,Cancelled,1,Content Not Relevant
SUB000482,CUST00482,Basic,Monthly,149,03-11-2022,,Active,1,
SUB000483,CUST00483,Premium,Monthly,649,21-11-2023,,Active,1,
SUB000484,CUST00484,Basic,Monthly,149,26-03-2024,,Active,1,
SUB000485,CUST00485,Basic,Monthly,149,29-09-2022,,Active,0,
SUB000486,CUST00486,Standard,Quarterly,807.3,09-01-2024,,Paused,1,
SUB000487,CUST00487,Standard,Quarterly,807.3,21-06-2023,,Active,1,
SUB000488,CUST00488,Basic,Annual,1490,21-04-2024,31-12-2024,Cancelled,1,Temporary Pause
SUB000489,CUST00489,Basic,Monthly,149,15-07-2022,,Paused,1,
SUB000490,CUST00490,Premium,Quarterly,1752.3,05-06-2022,,Active,1,
SUB000491,CUST00491,Standard,Annual,2990,04-03-2024,,Active,0,
SUB000492,CUST00492,Standard,Annual,2990,24-12-2023,,Paused,1,
SUB000493,CUST00493,Premium,Annual,6490,29-11-2022,31-12-2024,Cancelled,1,Found Free Alternative
SUB000494,CUST00494,Standard,Monthly,299,18-11-2022,10-03-2023,Cancelled,1,Switching to Competitor
SUB000495,CUST00495,Standard,Monthly,299,14-07-2023,16-11-2023,Cancelled,1,Switching to Competitor
SUB000496,CUST00496,Premium,Monthly,649,16-07-2022,07-02-2023,Cancelled,1,Found Free Alternative
SUB000497,CUST00497,Basic,Annual,1490,19-08-2022,,Active,0,
SUB000498,CUST00498,Basic,Quarterly,402.3,08-12-2023,,Active,1,
SUB000499,CUST00499,Standard,Annual,2990,28-07-2023,,Active,0,
SUB000500,CUST00500,Premium,Quarterly,1752.3,24-11-2023,,Paused,1,
SUB000501,CUST00501,Premium,Monthly,649,02-03-2024,23-10-2024,Cancelled,1,
SUB000502,CUST00502,Basic,Quarterly,402.3,02-01-2024,,Active,1,
SUB000503,CUST00503,Basic,Quarterly,402.3,05-02-2024,,Active,0,
SUB000504,CUST00504,Basic,Monthly,149,05-10-2022,,Active,1,
SUB000505,CUST00505,Basic,Quarterly,402.3,23-09-2023,31-12-2024,Cancelled,0,Too Expensive
SUB000506,CUST00506,Standard,Monthly,299,17-11-2023,10-01-2024,Cancelled,1,Temporary Pause
SUB000507,CUST00507,Basic,Quarterly,402.3,23-02-2022,,Active,1,
SUB000508,CUST00508,Standard,Quarterly,807.3,13-04-2022,20-10-2023,Cancelled,1,Content Not Relevant
SUB000509,CUST00509,Premium,Annual,6490,21-02-2023,31-12-2024,Cancelled,1,Too Expensive
SUB000510,CUST00510,Basic,Quarterly,402.3,14-02-2024,,Paused,1,
SUB000511,CUST00511,Basic,Monthly,149,27-02-2024,,Active,0,
SUB000512,CUST00512,Family,Annual,4990,27-01-2024,,Active,1,
SUB000513,CUST00513,Basic,Quarterly,402.3,07-02-2022,10-04-2023,Cancelled,0,Poor Streaming Quality
SUB000514,CUST00514,Basic,Monthly,149,16-06-2024,,Paused,1,
SUB000515,CUST00515,Basic,Monthly,149,10-09-2023,,Paused,0,
SUB000516,CUST00516,Standard,Monthly,299,19-10-2023,,Active,0,
SUB000517,CUST00517,Standard,Quarterly,807.3,21-05-2024,,Active,0,
SUB000518,CUST00518,Standard,Monthly,299,08-04-2024,22-07-2024,Cancelled,0,Content Not Relevant
SUB000519,CUST00519,Standard,Monthly,299,26-10-2023,,Active,0,
SUB000520,CUST00520,Basic,Quarterly,402.3,20-03-2024,01-07-2024,Cancelled,0,Technical Issues
SUB000521,CUST00521,Standard,Quarterly,807.3,29-06-2022,12-01-2023,Cancelled,1,Technical Issues
SUB000522,CUST00522,Premium,Annual,6490,02-12-2022,,Active,1,
SUB000523,CUST00523,Premium,Annual,6490,09-07-2022,31-12-2024,Cancelled,1,Switching to Competitor
SUB000524,CUST00524,Basic,Quarterly,402.3,07-01-2022,,Paused,0,
SUB000525,CUST00525,Standard,Quarterly,807.3,11-02-2024,31-12-2024,Cancelled,1,Switching to Competitor
SUB000526,CUST00526,Standard,Annual,2990,11-01-2024,,Active,1,
SUB000527,CUST00527,Premium,Annual,6490,11-12-2023,31-12-2024,Cancelled,1,Switching to Competitor
SUB000528,CUST00528,Basic,Quarterly,402.3,22-04-2023,,Paused,1,
SUB000529,CUST00529,Basic,Annual,1490,28-06-2024,31-12-2024,Cancelled,1,Switching to Competitor
SUB000530,CUST00530,Standard,Quarterly,807.3,12-01-2023,,Active,1,
SUB000531,CUST00531,Basic,Monthly,149,05-05-2023,09-09-2023,Cancelled,0,Poor Streaming Quality
SUB000532,CUST00532,Basic,Monthly,149,18-01-2023,,Active,0,
SUB000533,CUST00533,Standard,Annual,2990,01-04-2024,,Active,0,
SUB000534,CUST00534,Basic,Monthly,149,13-06-2024,26-07-2024,Cancelled,1,Temporary Pause
SUB000535,CUST00535,Basic,Annual,1490,22-12-2023,31-12-2024,Cancelled,0,Poor Streaming Quality
SUB000536,CUST00536,Standard,Monthly,299,05-03-2022,31-10-2022,Cancelled,0,Temporary Pause
SUB000537,CUST00537,Standard,Monthly,299,04-07-2023,,Active,0,
SUB000538,CUST00538,Basic,Annual,1490,29-03-2023,09-04-2024,Cancelled,1,Switching to Competitor
SUB000539,CUST00539,Standard,Annual,2990,16-05-2023,,Active,0,
SUB000540,CUST00540,Basic,Quarterly,402.3,10-04-2023,,Active,1,
SUB000541,CUST00541,Standard,Quarterly,807.3,01-08-2023,12-11-2023,Cancelled,0,
SUB000542,CUST00542,Standard,Monthly,299,11-01-2024,17-04-2024,Cancelled,1,Switching to Competitor
SUB000543,CUST00543,Standard,Monthly,299,03-02-2024,,Paused,0,
SUB000544,CUST00544,Basic,Monthly,149,10-03-2023,,Active,1,
SUB000545,CUST00545,Standard,Quarterly,807.3,12-03-2022,,Active,1,
SUB000546,CUST00546,Premium,Monthly,649,04-07-2022,07-02-2023,Cancelled,1,
SUB000547,CUST00547,Standard,Quarterly,807.3,05-04-2023,,Active,0,
SUB000548,CUST00548,Standard,Quarterly,807.3,17-05-2022,,Active,1,
SUB000549,CUST00549,Premium,Annual,6490,05-07-2023,,Paused,1,
SUB000550,CUST00550,Basic,Annual,1490,04-05-2024,,Active,1,
SUB000551,CUST00551,Family,Monthly,499,21-11-2023,,Active,1,
SUB000552,CUST00552,Standard,Monthly,299,23-04-2024,,Paused,1,
SUB000553,CUST00553,Basic,Monthly,149,08-06-2022,12-10-2022,Cancelled,0,Content Not Relevant
SUB000554,CUST00554,Family,Annual,4990,02-02-2022,,Paused,0,
SUB000555,CUST00555,Basic,Annual,1490,04-09-2022,31-12-2024,Cancelled,1,Poor Streaming Quality
SUB000556,CUST00556,Family,Quarterly,1347.3,04-02-2022,16-06-2022,Cancelled,0,Found Free Alternative
SUB000557,CUST00557,Premium,Monthly,649,08-09-2022,,Paused,0,
SUB000558,CUST00558,Family,Quarterly,1347.3,07-07-2023,13-10-2023,Cancelled,1,Switching to Competitor
SUB000559,CUST00559,Standard,Monthly,299,24-10-2022,,Active,0,
SUB000560,CUST00560,Standard,Monthly,299,05-09-2023,17-12-2023,Cancelled,1,Temporary Pause
SUB000561,CUST00561,Basic,Monthly,149,08-11-2023,07-05-2024,Cancelled,1,Too Expensive
SUB000562,CUST00562,Standard,Monthly,299,09-10-2022,,Active,1,
SUB000563,CUST00563,Basic,Quarterly,402.3,04-10-2023,,Active,1,
SUB000564,CUST00564,Premium,Monthly,649,19-12-2022,,Active,1,
SUB000565,CUST00565,Standard,Monthly,299,15-12-2023,22-01-2024,Cancelled,1,Found Free Alternative
SUB000566,CUST00566,Basic,Annual,1490,21-01-2023,,Paused,1,
SUB000567,CUST00567,Family,Monthly,499,19-05-2024,,Active,0,
SUB000568,CUST00568,Standard,Annual,2990,05-04-2024,,Active,0,
SUB000569,CUST00569,Basic,Monthly,149,03-03-2023,17-07-2023,Cancelled,0,Technical Issues
SUB000570,CUST00570,Standard,Monthly,299,06-09-2022,15-03-2023,Cancelled,1,Switching to Competitor
SUB000571,CUST00571,Standard,Quarterly,807.3,06-04-2023,25-12-2024,Cancelled,1,Found Free Alternative
SUB000572,CUST00572,Standard,Annual,2990,22-02-2022,,Paused,1,
SUB000573,CUST00573,Standard,Quarterly,807.3,10-09-2023,,Paused,1,
SUB000574,CUST00574,Family,Monthly,499,12-01-2024,,Paused,1,
SUB000575,CUST00575,Premium,Annual,6490,02-08-2022,,Active,0,
SUB000576,CUST00576,Standard,Monthly,299,14-07-2022,,Active,1,
SUB000577,CUST00577,Premium,Quarterly,1752.3,22-12-2023,27-03-2024,Cancelled,1,
SUB000578,CUST00578,Premium,Monthly,649,26-11-2022,10-06-2023,Cancelled,1,Found Free Alternative
SUB000579,CUST00579,Standard,Quarterly,807.3,27-10-2023,,Active,1,
SUB000580,CUST00580,Basic,Annual,1490,10-06-2023,,Active,0,
SUB000581,CUST00581,Basic,Monthly,149,19-02-2024,,Paused,1,
SUB000582,CUST00582,Basic,Annual,1490,28-02-2023,,Active,1,
SUB000583,CUST00583,Standard,Annual,2990,17-01-2022,,Active,1,
SUB000584,CUST00584,Standard,Monthly,299,08-01-2024,07-02-2024,Cancelled,1,Content Not Relevant
SUB000585,CUST00585,Standard,Monthly,299,04-12-2022,04-05-2023,Cancelled,1,
SUB000586,CUST00586,Standard,Monthly,299,27-05-2023,27-10-2023,Cancelled,1,Technical Issues
SUB000587,CUST00587,Premium,Annual,6490,11-01-2024,31-12-2024,Cancelled,0,
SUB000588,CUST00588,Premium,Annual,6490,21-01-2024,31-12-2024,Cancelled,0,Too Expensive
SUB000589,CUST00589,Basic,Annual,1490,16-05-2023,,Active,0,
SUB000590,CUST00590,Premium,Annual,6490,21-06-2023,31-12-2024,Cancelled,1,Temporary Pause
SUB000591,CUST00591,Standard,Annual,2990,22-02-2024,,Active,1,
SUB000592,CUST00592,Standard,Monthly,299,11-03-2022,,Paused,1,
SUB000593,CUST00593,Basic,Quarterly,402.3,12-04-2023,12-08-2024,Cancelled,1,Temporary Pause
SUB000594,CUST00594,Basic,Annual,1490,10-05-2023,,Paused,1,
SUB000595,CUST00595,Family,Quarterly,1347.3,29-06-2023,,Paused,0,
SUB000596,CUST00596,Standard,Monthly,299,27-06-2023,,Active,0,
SUB000597,CUST00597,Premium,Annual,6490,30-05-2023,31-12-2024,Cancelled,1,Content Not Relevant
SUB000598,CUST00598,Basic,Monthly,149,21-06-2023,,Active,1,
SUB000599,CUST00599,Premium,Monthly,649,24-06-2023,04-02-2024,Cancelled,0,Temporary Pause
SUB000600,CUST00600,Family,Monthly,499,22-03-2022,,Paused,1,
SUB000601,CUST00601,Family,Annual,4990,07-09-2022,,Active,1,
SUB000602,CUST00602,Standard,Annual,2990,01-11-2023,,Active,0,
SUB000603,CUST00603,Standard,Quarterly,807.3,24-01-2023,24-05-2023,Cancelled,0,Switching to Competitor
SUB000604,CUST00604,Basic,Annual,1490,15-10-2023,31-12-2024,Cancelled,1,Technical Issues
SUB000605,CUST00605,Family,Annual,4990,15-05-2024,,Active,1,
SUB000606,CUST00606,Premium,Quarterly,1752.3,25-06-2023,,Paused,1,
SUB000607,CUST00607,Basic,Quarterly,402.3,02-05-2023,13-10-2023,Cancelled,1,Found Free Alternative
SUB000608,CUST00608,Standard,Monthly,299,11-07-2023,,Active,1,
SUB000609,CUST00609,Standard,Quarterly,807.3,17-01-2022,25-11-2023,Cancelled,0,Technical Issues
SUB000610,CUST00610,Basic,Quarterly,402.3,20-03-2022,,Active,1,
SUB000611,CUST00611,Basic,Monthly,149,04-08-2023,,Active,1,
SUB000612,CUST00612,Standard,Annual,2990,13-02-2024,,Active,1,
SUB000613,CUST00613,Basic,Monthly,149,24-02-2022,,Active,1,
SUB000614,CUST00614,Standard,Monthly,299,15-12-2022,07-07-2023,Cancelled,0,
SUB000615,CUST00615,Basic,Monthly,149,03-03-2024,,Paused,0,
SUB000616,CUST00616,Standard,Annual,2990,13-03-2024,,Active,1,
SUB000617,CUST00617,Standard,Annual,2990,21-07-2023,,Active,0,
SUB000618,CUST00618,Basic,Annual,1490,08-11-2023,31-12-2024,Cancelled,1,Technical Issues
SUB000619,CUST00619,Basic,Annual,1490,28-03-2024,31-12-2024,Cancelled,1,Temporary Pause
SUB000620,CUST00620,Standard,Quarterly,807.3,07-06-2022,13-02-2023,Cancelled,1,Content Not Relevant
SUB000621,CUST00621,Standard,Monthly,299,21-11-2022,,Active,1,
SUB000622,CUST00622,Standard,Annual,2990,12-11-2022,,Active,0,
SUB000623,CUST00623,Standard,Quarterly,807.3,16-05-2022,,Active,1,
SUB000624,CUST00624,Standard,Monthly,299,25-07-2023,06-03-2024,Cancelled,1,Switching to Competitor
SUB000625,CUST00625,Basic,Annual,1490,27-01-2022,09-10-2023,Cancelled,1,
SUB000626,CUST00626,Basic,Annual,1490,04-09-2023,,Active,1,
SUB000627,CUST00627,Family,Quarterly,1347.3,26-10-2022,,Active,0,
SUB000628,CUST00628,Standard,Monthly,299,06-09-2022,16-10-2022,Cancelled,1,Too Expensive
SUB000629,CUST00629,Standard,Monthly,299,23-06-2022,,Paused,1,
SUB000630,CUST00630,Standard,Monthly,299,20-05-2023,03-07-2023,Cancelled,1,Technical Issues
SUB000631,CUST00631,Standard,Quarterly,807.3,10-10-2022,,Active,0,
SUB000632,CUST00632,Standard,Quarterly,807.3,05-01-2023,,Active,1,
SUB000633,CUST00633,Premium,Annual,6490,01-09-2023,31-12-2024,Cancelled,1,Found Free Alternative
SUB000634,CUST00634,Standard,Quarterly,807.3,19-05-2022,,Active,1,
SUB000635,CUST00635,Basic,Annual,1490,11-05-2024,31-12-2024,Cancelled,0,Too Expensive
SUB000636,CUST00636,Family,Monthly,499,09-12-2022,,Active,1,
SUB000637,CUST00637,Basic,Monthly,149,25-11-2022,,Active,1,
SUB000638,CUST00638,Standard,Annual,2990,01-07-2022,,Active,1,
SUB000639,CUST00639,Basic,Quarterly,402.3,13-08-2023,,Active,0,
SUB000640,CUST00640,Basic,Quarterly,402.3,16-04-2024,,Active,1,
SUB000641,CUST00641,Premium,Quarterly,1752.3,24-07-2022,,Active,1,
SUB000642,CUST00642,Premium,Quarterly,1752.3,28-01-2022,,Active,0,
SUB000643,CUST00643,Basic,Quarterly,402.3,01-05-2024,31-12-2024,Cancelled,0,Content Not Relevant
SUB000644,CUST00644,Basic,Quarterly,402.3,23-05-2022,,Paused,1,
SUB000645,CUST00645,Basic,Monthly,149,06-11-2023,,Active,1,
SUB000646,CUST00646,Premium,Monthly,649,05-04-2023,06-11-2023,Cancelled,1,Too Expensive
SUB000647,CUST00647,Family,Annual,4990,02-07-2023,,Paused,1,
SUB000648,CUST00648,Basic,Monthly,149,20-03-2024,16-09-2024,Cancelled,1,Temporary Pause
SUB000649,CUST00649,Premium,Monthly,649,22-04-2022,25-10-2022,Cancelled,1,
SUB000650,CUST00650,Basic,Quarterly,402.3,15-02-2022,,Active,1,
SUB000651,CUST00651,Basic,Monthly,149,19-04-2022,,Active,0,
SUB000652,CUST00652,Standard,Annual,2990,07-06-2023,,Active,0,
SUB000653,CUST00653,Premium,Quarterly,1752.3,15-08-2022,,Active,0,
SUB000654,CUST00654,Basic,Monthly,149,01-03-2024,06-09-2024,Cancelled,1,Poor Streaming Quality
SUB000655,CUST00655,Premium,Annual,6490,26-01-2022,,Active,0,
SUB000656,CUST00656,Standard,Annual,2990,29-03-2022,,Active,0,
SUB000657,CUST00657,Standard,Annual,2990,18-12-2022,,Active,1,
SUB000658,CUST00658,Family,Quarterly,1347.3,23-12-2022,,Active,1,
SUB000659,CUST00659,Family,Quarterly,1347.3,23-11-2022,,Active,1,
SUB000660,CUST00660,Family,Annual,4990,24-01-2022,31-12-2024,Cancelled,1,Too Expensive
SUB000661,CUST00661,Standard,Quarterly,807.3,29-01-2024,31-12-2024,Cancelled,0,Too Expensive
SUB000662,CUST00662,Basic,Annual,1490,13-06-2022,,Active,1,
SUB000663,CUST00663,Standard,Monthly,299,26-08-2022,,Paused,1,
SUB000664,CUST00664,Family,Quarterly,1347.3,10-02-2023,,Active,1,
SUB000665,CUST00665,Basic,Monthly,149,30-08-2023,03-03-2024,Cancelled,0,Found Free Alternative
SUB000666,CUST00666,Family,Quarterly,1347.3,30-07-2022,06-08-2023,Cancelled,1,
SUB000667,CUST00667,Basic,Annual,1490,29-03-2024,31-12-2024,Cancelled,0,Too Expensive
SUB000668,CUST00668,Basic,Annual,1490,21-07-2022,31-12-2024,Cancelled,1,Found Free Alternative
SUB000669,CUST00669,Basic,Annual,1490,25-06-2023,31-12-2024,Cancelled,1,Too Expensive
SUB000670,CUST00670,Standard,Quarterly,807.3,18-09-2023,,Active,0,
SUB000671,CUST00671,Basic,Monthly,149,27-12-2022,19-05-2023,Cancelled,1,Content Not Relevant
SUB000672,CUST00672,Basic,Quarterly,402.3,22-09-2023,,Paused,1,
SUB000673,CUST00673,Standard,Quarterly,807.3,17-11-2022,15-01-2024,Cancelled,0,Found Free Alternative
SUB000674,CUST00674,Standard,Quarterly,807.3,07-07-2022,,Active,1,
SUB000675,CUST00675,Family,Quarterly,1347.3,05-03-2023,,Active,1,
SUB000676,CUST00676,Basic,Monthly,149,10-03-2023,,Active,1,
SUB000677,CUST00677,Standard,Quarterly,807.3,12-12-2023,,Active,1,
SUB000678,CUST00678,Standard,Annual,2990,17-05-2023,31-12-2024,Cancelled,1,Content Not Relevant
SUB000679,CUST00679,Family,Monthly,499,12-05-2024,,Paused,0,
SUB000680,CUST00680,Premium,Annual,6490,10-01-2022,,Paused,0,
SUB000681,CUST00681,Standard,Quarterly,807.3,30-07-2023,14-05-2024,Cancelled,0,Temporary Pause
SUB000682,CUST00682,Family,Quarterly,1347.3,02-03-2023,04-06-2024,Cancelled,1,
SUB000683,CUST00683,Standard,Monthly,299,02-08-2023,,Paused,0,
SUB000684,CUST00684,Family,Quarterly,1347.3,09-10-2022,,Active,0,
SUB000685,CUST00685,Standard,Quarterly,807.3,10-03-2024,,Active,1,
SUB000686,CUST00686,Premium,Monthly,649,17-07-2023,,Active,0,
SUB000687,CUST00687,Basic,Quarterly,402.3,02-10-2022,,Active,0,
SUB000688,CUST00688,Basic,Quarterly,402.3,18-02-2024,15-09-2024,Cancelled,1,Poor Streaming Quality
SUB000689,CUST00689,Standard,Monthly,299,15-04-2022,,Active,1,
SUB000690,CUST00690,Premium,Monthly,649,06-04-2023,21-08-2023,Cancelled,1,
SUB000691,CUST00691,Premium,Monthly,649,05-06-2024,,Paused,1,
SUB000692,CUST00692,Standard,Monthly,299,07-12-2023,20-05-2024,Cancelled,1,Poor Streaming Quality
SUB000693,CUST00693,Standard,Quarterly,807.3,19-06-2022,,Active,0,
SUB000694,CUST00694,Basic,Quarterly,402.3,04-04-2024,,Active,0,
SUB000695,CUST00695,Standard,Monthly,299,15-10-2022,,Active,1,
SUB000696,CUST00696,Premium,Quarterly,1752.3,22-12-2023,,Paused,0,
SUB000697,CUST00697,Standard,Quarterly,807.3,28-05-2024,31-12-2024,Cancelled,0,Switching to Competitor
SUB000698,CUST00698,Premium,Annual,6490,02-03-2022,,Active,1,
SUB000699,CUST00699,Premium,Annual,6490,13-09-2022,,Paused,1,
SUB000700,CUST00700,Standard,Monthly,299,17-05-2023,,Active,1,
SUB000701,CUST00701,Basic,Quarterly,402.3,05-10-2023,31-12-2024,Cancelled,0,Poor Streaming Quality
SUB000702,CUST00702,Basic,Quarterly,402.3,11-10-2023,09-07-2024,Cancelled,1,Too Expensive
SUB000703,CUST00703,Premium,Annual,6490,13-12-2023,,Active,1,
SUB000704,CUST00704,Standard,Annual,2990,19-08-2023,,Active,1,
SUB000705,CUST00705,Standard,Monthly,299,13-10-2023,21-01-2024,Cancelled,1,
SUB000706,CUST00706,Basic,Monthly,149,12-02-2023,19-05-2023,Cancelled,0,Content Not Relevant
SUB000707,CUST00707,Family,Annual,4990,02-10-2022,29-10-2024,Cancelled,1,Switching to Competitor
SUB000708,CUST00708,Basic,Monthly,149,15-08-2023,,Active,1,
SUB000709,CUST00709,Standard,Monthly,299,30-11-2023,,Active,0,
SUB000710,CUST00710,Standard,Quarterly,807.3,17-01-2022,,Paused,1,
SUB000711,CUST00711,Family,Annual,4990,01-01-2022,,Active,1,
SUB000712,CUST00712,Premium,Quarterly,1752.3,22-06-2024,31-12-2024,Cancelled,1,Content Not Relevant
SUB000713,CUST00713,Family,Monthly,499,06-04-2022,,Active,0,
SUB000714,CUST00714,Basic,Monthly,149,16-01-2023,,Active,1,
SUB000715,CUST00715,Standard,Annual,2990,03-10-2023,,Active,0,
SUB000716,CUST00716,Standard,Monthly,299,22-12-2023,,Active,1,
SUB000717,CUST00717,Premium,Annual,6490,21-03-2022,,Active,0,
SUB000718,CUST00718,Standard,Monthly,299,28-11-2023,02-04-2024,Cancelled,1,Technical Issues
SUB000719,CUST00719,Basic,Monthly,149,16-04-2024,,Active,0,
SUB000720,CUST00720,Standard,Monthly,299,05-05-2023,26-06-2023,Cancelled,0,Technical Issues
SUB000721,CUST00721,Basic,Monthly,149,19-01-2024,,Active,0,
SUB000722,CUST00722,Basic,Quarterly,402.3,21-06-2024,,Paused,0,
SUB000723,CUST00723,Standard,Annual,2990,19-10-2023,31-12-2024,Cancelled,0,Switching to Competitor
SUB000724,CUST00724,Premium,Monthly,649,09-01-2022,,Paused,1,
SUB000725,CUST00725,Premium,Quarterly,1752.3,10-01-2024,,Paused,1,
SUB000726,CUST00726,Basic,Monthly,149,05-12-2023,,Active,1,
SUB000727,CUST00727,Family,Quarterly,1347.3,24-05-2022,31-10-2023,Cancelled,1,Switching to Competitor
SUB000728,CUST00728,Standard,Quarterly,807.3,26-12-2022,,Active,0,
SUB000729,CUST00729,Standard,Monthly,299,11-10-2022,,Paused,1,
SUB000730,CUST00730,Standard,Annual,2990,08-09-2023,31-12-2024,Cancelled,1,Technical Issues
SUB000731,CUST00731,Premium,Quarterly,1752.3,18-05-2024,31-12-2024,Cancelled,1,Found Free Alternative
SUB000732,CUST00732,Standard,Quarterly,807.3,14-09-2023,,Active,1,
SUB000733,CUST00733,Basic,Annual,1490,30-10-2022,03-05-2024,Cancelled,1,
SUB000734,CUST00734,Standard,Annual,2990,31-01-2023,,Active,0,
SUB000735,CUST00735,Basic,Annual,1490,14-03-2022,,Active,0,
SUB000736,CUST00736,Standard,Annual,2990,16-05-2022,31-12-2024,Cancelled,1,Found Free Alternative
SUB000737,CUST00737,Family,Annual,4990,14-07-2023,31-12-2024,Cancelled,0,Technical Issues
SUB000738,CUST00738,Standard,Monthly,299,25-08-2023,,Paused,0,
SUB000739,CUST00739,Basic,Monthly,149,10-02-2022,,Active,1,
SUB000740,CUST00740,Basic,Annual,1490,06-10-2023,29-11-2024,Cancelled,1,Too Expensive
SUB000741,CUST00741,Premium,Annual,6490,26-03-2022,31-12-2024,Cancelled,1,Too Expensive
SUB000742,CUST00742,Basic,Quarterly,402.3,06-06-2022,15-05-2023,Cancelled,1,Temporary Pause
SUB000743,CUST00743,Premium,Quarterly,1752.3,08-06-2023,,Active,0,
SUB000744,CUST00744,Premium,Monthly,649,05-02-2023,14-07-2023,Cancelled,0,Poor Streaming Quality
SUB000745,CUST00745,Basic,Annual,1490,18-01-2024,,Active,1,
SUB000746,CUST00746,Premium,Quarterly,1752.3,21-03-2023,31-12-2024,Cancelled,1,Found Free Alternative
SUB000747,CUST00747,Standard,Annual,2990,26-02-2022,31-12-2024,Cancelled,1,Technical Issues
SUB000748,CUST00748,Basic,Annual,1490,26-12-2023,,Paused,1,
SUB000749,CUST00749,Standard,Monthly,299,22-12-2022,,Active,1,
SUB000750,CUST00750,Basic,Annual,1490,20-06-2022,,Active,1,
SUB000751,CUST00751,Basic,Quarterly,402.3,21-01-2024,,Active,0,
SUB000752,CUST00752,Premium,Quarterly,1752.3,06-10-2022,29-01-2023,Cancelled,1,Technical Issues
SUB000753,CUST00753,Standard,Quarterly,807.3,05-10-2023,,Active,1,
SUB000754,CUST00754,Basic,Annual,1490,04-01-2023,,Active,0,
SUB000755,CUST00755,Basic,Quarterly,402.3,12-01-2023,,Active,1,
SUB000756,CUST00756,Standard,Quarterly,807.3,22-11-2023,,Active,1,
SUB000757,CUST00757,Premium,Quarterly,1752.3,03-01-2022,,Active,1,
SUB000758,CUST00758,Basic,Annual,1490,29-04-2023,,Paused,1,
SUB000759,CUST00759,Basic,Monthly,149,28-05-2024,,Paused,0,
SUB000760,CUST00760,Standard,Annual,2990,18-08-2022,31-12-2024,Cancelled,0,
SUB000761,CUST00761,Standard,Annual,2990,05-10-2022,,Active,1,
SUB000762,CUST00762,Standard,Monthly,299,30-05-2023,,Active,1,
SUB000763,CUST00763,Standard,Monthly,299,17-02-2022,09-07-2022,Cancelled,1,Too Expensive
SUB000764,CUST00764,Premium,Quarterly,1752.3,03-03-2024,31-12-2024,Cancelled,1,Switching to Competitor
SUB000765,CUST00765,Premium,Annual,6490,13-04-2023,,Active,1,
SUB000766,CUST00766,Basic,Quarterly,402.3,01-08-2023,,Active,0,
SUB000767,CUST00767,Standard,Quarterly,807.3,13-01-2023,,Active,1,
SUB000768,CUST00768,Basic,Annual,1490,18-02-2024,31-12-2024,Cancelled,0,Found Free Alternative
SUB000769,CUST00769,Standard,Quarterly,807.3,25-01-2022,,Active,1,
SUB000770,CUST00770,Family,Annual,4990,10-12-2022,,Active,1,
SUB000771,CUST00771,Standard,Quarterly,807.3,17-04-2022,15-09-2023,Cancelled,1,Switching to Competitor
SUB000772,CUST00772,Standard,Monthly,299,19-05-2023,05-08-2023,Cancelled,1,Content Not Relevant
SUB000773,CUST00773,Standard,Quarterly,807.3,06-04-2022,27-10-2023,Cancelled,0,Switching to Competitor
SUB000774,CUST00774,Basic,Annual,1490,19-12-2023,,Active,1,
SUB000775,CUST00775,Standard,Monthly,299,18-08-2023,14-04-2024,Cancelled,1,Temporary Pause
SUB000776,CUST00776,Standard,Quarterly,807.3,18-03-2022,,Active,1,
SUB000777,CUST00777,Standard,Monthly,299,10-11-2023,,Active,1,
SUB000778,CUST00778,Basic,Monthly,149,21-05-2024,31-10-2024,Cancelled,0,Poor Streaming Quality
SUB000779,CUST00779,Standard,Annual,2990,22-11-2022,,Paused,1,
SUB000780,CUST00780,Basic,Monthly,149,27-07-2022,,Active,0,
SUB000781,CUST00781,Basic,Monthly,149,19-04-2022,,Active,1,
SUB000782,CUST00782,Basic,Monthly,149,21-02-2023,15-10-2023,Cancelled,1,Poor Streaming Quality
SUB000783,CUST00783,Standard,Quarterly,807.3,08-04-2023,04-11-2023,Cancelled,1,Poor Streaming Quality
SUB000784,CUST00784,Standard,Quarterly,807.3,03-04-2022,,Active,1,
SUB000785,CUST00785,Premium,Quarterly,1752.3,11-02-2022,,Active,1,
SUB000786,CUST00786,Family,Quarterly,1347.3,30-12-2023,,Paused,0,
SUB000787,CUST00787,Standard,Annual,2990,20-02-2022,,Active,0,
SUB000788,CUST00788,Premium,Annual,6490,19-02-2023,01-06-2024,Cancelled,1,
SUB000789,CUST00789,Premium,Quarterly,1752.3,13-09-2022,,Active,0,
SUB000790,CUST00790,Standard,Monthly,299,05-05-2022,,Active,0,
SUB000791,CUST00791,Family,Monthly,499,22-07-2022,,Active,1,
SUB000792,CUST00792,Standard,Quarterly,807.3,20-08-2023,29-11-2024,Cancelled,1,Too Expensive
SUB000793,CUST00793,Standard,Monthly,299,08-03-2022,,Paused,1,
SUB000794,CUST00794,Basic,Annual,1490,17-05-2024,,Active,0,
SUB000795,CUST00795,Basic,Annual,1490,21-02-2022,,Paused,0,
SUB000796,CUST00796,Standard,Quarterly,807.3,24-05-2023,31-12-2024,Cancelled,1,Too Expensive
SUB000797,CUST00797,Standard,Annual,2990,26-06-2022,,Active,0,
SUB000798,CUST00798,Premium,Monthly,649,14-10-2022,13-12-2022,Cancelled,1,
SUB000799,CUST00799,Standard,Monthly,299,27-09-2023,14-03-2024,Cancelled,1,Technical Issues
SUB000800,CUST00800,Standard,Annual,2990,26-05-2023,31-12-2024,Cancelled,0,Switching to Competitor
SUB000801,CUST00801,Family,Annual,4990,31-03-2022,,Active,0,
SUB000802,CUST00802,Basic,Annual,1490,24-07-2022,,Active,1,
SUB000803,CUST00803,Basic,Annual,1490,24-03-2024,31-12-2024,Cancelled,1,Switching to Competitor
SUB000804,CUST00804,Standard,Quarterly,807.3,07-05-2023,,Paused,1,
SUB000805,CUST00805,Standard,Monthly,299,30-05-2023,19-11-2023,Cancelled,1,Content Not Relevant
SUB000806,CUST00806,Standard,Annual,2990,27-01-2022,,Active,0,
SUB000807,CUST00807,Family,Monthly,499,10-04-2024,02-06-2024,Cancelled,1,Content Not Relevant
SUB000808,CUST00808,Basic,Annual,1490,02-01-2023,,Active,1,
SUB000809,CUST00809,Premium,Monthly,649,11-09-2022,,Paused,1,
SUB000810,CUST00810,Premium,Monthly,649,15-04-2024,05-11-2024,Cancelled,0,Technical Issues
SUB000811,CUST00811,Premium,Annual,6490,30-12-2022,04-08-2024,Cancelled,1,Temporary Pause
SUB000812,CUST00812,Basic,Monthly,149,22-11-2022,,Paused,1,
SUB000813,CUST00813,Premium,Quarterly,1752.3,05-08-2023,,Active,1,
SUB000814,CUST00814,Basic,Quarterly,402.3,06-05-2024,31-12-2024,Cancelled,1,Found Free Alternative
SUB000815,CUST00815,Standard,Annual,2990,18-05-2023,,Active,1,
SUB000816,CUST00816,Family,Annual,4990,09-09-2023,,Active,0,
SUB000817,CUST00817,Standard,Annual,2990,01-01-2022,,Active,1,
SUB000818,CUST00818,Standard,Annual,2990,15-12-2022,,Active,1,
SUB000819,CUST00819,Standard,Monthly,299,01-06-2022,28-10-2022,Cancelled,1,Too Expensive
SUB000820,CUST00820,Family,Annual,4990,31-05-2024,,Active,1,
SUB000821,CUST00821,Basic,Annual,1490,24-08-2023,31-12-2024,Cancelled,1,Too Expensive
SUB000822,CUST00822,Standard,Monthly,299,20-05-2022,,Active,1,
SUB000823,CUST00823,Standard,Quarterly,807.3,27-10-2023,06-05-2024,Cancelled,1,Found Free Alternative
SUB000824,CUST00824,Standard,Quarterly,807.3,12-12-2023,,Active,1,
SUB000825,CUST00825,Premium,Quarterly,1752.3,14-04-2024,,Paused,0,
SUB000826,CUST00826,Standard,Monthly,299,11-05-2022,13-09-2022,Cancelled,0,Found Free Alternative
SUB000827,CUST00827,Standard,Quarterly,807.3,05-02-2023,31-12-2023,Cancelled,0,Content Not Relevant
SUB000828,CUST00828,Standard,Quarterly,807.3,22-11-2022,,Paused,0,
SUB000829,CUST00829,Basic,Annual,1490,17-04-2022,31-12-2024,Cancelled,0,Technical Issues
SUB000830,CUST00830,Family,Annual,4990,01-09-2022,,Active,0,
SUB000831,CUST00831,Standard,Monthly,299,21-04-2024,,Active,1,
SUB000832,CUST00832,Premium,Quarterly,1752.3,29-09-2022,,Paused,1,
SUB000833,CUST00833,Standard,Monthly,299,25-12-2022,,Active,1,
SUB000834,CUST00834,Basic,Monthly,149,19-02-2022,,Paused,1,
SUB000835,CUST00835,Premium,Monthly,649,20-06-2022,,Active,1,
SUB000836,CUST00836,Standard,Quarterly,807.3,14-07-2023,31-12-2024,Cancelled,0,Poor Streaming Quality
SUB000837,CUST00837,Standard,Quarterly,807.3,29-10-2023,,Paused,0,
SUB000838,CUST00838,Basic,Monthly,149,29-03-2024,,Active,1,
SUB000839,CUST00839,Standard,Quarterly,807.3,25-09-2022,,Paused,0,
SUB000840,CUST00840,Standard,Monthly,299,28-06-2024,31-12-2024,Cancelled,0,Too Expensive
SUB000841,CUST00841,Basic,Annual,1490,15-07-2023,31-12-2024,Cancelled,1,Found Free Alternative
SUB000842,CUST00842,Standard,Monthly,299,10-05-2023,,Paused,1,
SUB000843,CUST00843,Standard,Monthly,299,14-09-2023,,Active,1,
SUB000844,CUST00844,Standard,Monthly,299,06-12-2022,21-06-2023,Cancelled,1,Poor Streaming Quality
SUB000845,CUST00845,Basic,Quarterly,402.3,10-01-2024,,Paused,1,
SUB000846,CUST00846,Basic,Quarterly,402.3,01-11-2022,12-03-2024,Cancelled,0,Content Not Relevant
SUB000847,CUST00847,Standard,Monthly,299,09-08-2023,13-03-2024,Cancelled,1,Poor Streaming Quality
SUB000848,CUST00848,Premium,Monthly,649,05-01-2023,08-03-2023,Cancelled,0,Poor Streaming Quality
SUB000849,CUST00849,Standard,Monthly,299,23-04-2024,,Paused,1,
SUB000850,CUST00850,Premium,Quarterly,1752.3,10-04-2022,,Active,0,
SUB000851,CUST00851,Premium,Quarterly,1752.3,25-03-2022,,Paused,0,
SUB000852,CUST00852,Standard,Annual,2990,28-04-2023,,Active,1,
SUB000853,CUST00853,Family,Annual,4990,01-02-2023,,Active,1,
SUB000854,CUST00854,Basic,Annual,1490,11-07-2022,,Active,0,
SUB000855,CUST00855,Premium,Annual,6490,22-04-2023,,Paused,1,
SUB000856,CUST00856,Standard,Monthly,299,05-03-2022,07-08-2022,Cancelled,1,Found Free Alternative
SUB000857,CUST00857,Basic,Annual,1490,07-04-2024,,Active,1,
SUB000858,CUST00858,Standard,Quarterly,807.3,21-07-2023,,Active,0,
SUB000859,CUST00859,Basic,Quarterly,402.3,03-07-2023,,Active,1,
SUB000860,CUST00860,Standard,Annual,2990,03-11-2022,31-12-2024,Cancelled,1,Too Expensive
SUB000861,CUST00861,Standard,Quarterly,807.3,30-05-2023,22-11-2023,Cancelled,0,Content Not Relevant
SUB000862,CUST00862,Basic,Monthly,149,31-05-2022,,Paused,1,
SUB000863,CUST00863,Standard,Quarterly,807.3,05-08-2022,,Active,0,
SUB000864,CUST00864,Premium,Annual,6490,22-03-2022,,Active,1,
SUB000865,CUST00865,Standard,Monthly,299,04-05-2024,,Active,1,
SUB000866,CUST00866,Standard,Annual,2990,31-03-2022,31-12-2024,Cancelled,1,Poor Streaming Quality
SUB000867,CUST00867,Basic,Annual,1490,30-11-2022,19-10-2024,Cancelled,1,Content Not Relevant
SUB000868,CUST00868,Premium,Annual,6490,16-03-2024,31-12-2024,Cancelled,0,Technical Issues
SUB000869,CUST00869,Standard,Monthly,299,26-04-2022,,Paused,1,
SUB000870,CUST00870,Premium,Quarterly,1752.3,26-08-2023,01-06-2024,Cancelled,1,Too Expensive
SUB000871,CUST00871,Standard,Monthly,299,09-03-2024,,Active,1,
SUB000872,CUST00872,Standard,Monthly,299,17-06-2024,,Active,1,
SUB000873,CUST00873,Basic,Annual,1490,09-08-2023,,Active,1,
SUB000874,CUST00874,Basic,Monthly,149,10-10-2022,,Active,1,
SUB000875,CUST00875,Standard,Annual,2990,29-11-2023,,Paused,0,
SUB000876,CUST00876,Standard,Annual,2990,09-12-2023,31-12-2024,Cancelled,1,Too Expensive
SUB000877,CUST00877,Standard,Quarterly,807.3,03-10-2022,31-03-2024,Cancelled,1,
SUB000878,CUST00878,Premium,Quarterly,1752.3,15-11-2022,06-08-2023,Cancelled,0,Poor Streaming Quality
SUB000879,CUST00879,Basic,Monthly,149,08-06-2024,,Active,0,
SUB000880,CUST00880,Standard,Quarterly,807.3,03-03-2024,31-12-2024,Cancelled,1,Temporary Pause
SUB000881,CUST00881,Basic,Quarterly,402.3,12-09-2023,,Paused,1,
SUB000882,CUST00882,Basic,Annual,1490,05-08-2022,31-12-2024,Cancelled,0,Poor Streaming Quality
SUB000883,CUST00883,Standard,Monthly,299,20-04-2024,,Active,0,
SUB000884,CUST00884,Premium,Monthly,649,15-11-2022,,Active,1,
SUB000885,CUST00885,Standard,Monthly,299,19-06-2024,12-09-2024,Cancelled,1,Content Not Relevant
SUB000886,CUST00886,Standard,Monthly,299,15-06-2024,,Paused,0,
SUB000887,CUST00887,Standard,Monthly,299,13-04-2023,,Active,1,
SUB000888,CUST00888,Premium,Annual,6490,08-10-2022,31-12-2024,Cancelled,0,Poor Streaming Quality
SUB000889,CUST00889,Basic,Quarterly,402.3,13-10-2023,,Paused,1,
SUB000890,CUST00890,Premium,Quarterly,1752.3,16-05-2023,11-02-2024,Cancelled,1,Temporary Pause
SUB000891,CUST00891,Basic,Quarterly,402.3,24-08-2023,,Active,0,
SUB000892,CUST00892,Family,Quarterly,1347.3,07-05-2024,,Paused,1,
SUB000893,CUST00893,Standard,Annual,2990,31-01-2023,31-12-2024,Cancelled,1,Content Not Relevant
SUB000894,CUST00894,Standard,Annual,2990,27-05-2024,,Active,1,
SUB000895,CUST00895,Standard,Monthly,299,03-10-2022,,Paused,0,
SUB000896,CUST00896,Basic,Quarterly,402.3,04-06-2024,31-12-2024,Cancelled,0,Poor Streaming Quality
SUB000897,CUST00897,Standard,Monthly,299,08-09-2023,,Active,1,
SUB000898,CUST00898,Standard,Monthly,299,04-04-2024,02-11-2024,Cancelled,1,Found Free Alternative
SUB000899,CUST00899,Basic,Monthly,149,22-05-2024,,Active,0,
SUB000900,CUST00900,Standard,Monthly,299,23-04-2023,,Paused,1,
SUB000901,CUST00901,Premium,Quarterly,1752.3,22-08-2023,,Active,0,
SUB000902,CUST00902,Premium,Monthly,649,29-07-2023,28-02-2024,Cancelled,1,Too Expensive
SUB000903,CUST00903,Premium,Annual,6490,02-11-2022,,Paused,1,
SUB000904,CUST00904,Basic,Quarterly,402.3,11-10-2022,,Active,0,
SUB000905,CUST00905,Premium,Annual,6490,03-11-2023,,Active,1,
SUB000906,CUST00906,Standard,Annual,2990,14-06-2023,31-12-2024,Cancelled,0,Too Expensive
SUB000907,CUST00907,Standard,Annual,2990,08-11-2023,,Paused,1,
SUB000908,CUST00908,Premium,Monthly,649,03-11-2023,08-02-2024,Cancelled,0,Content Not Relevant
SUB000909,CUST00909,Premium,Quarterly,1752.3,19-02-2023,,Active,1,
SUB000910,CUST00910,Family,Quarterly,1347.3,15-04-2024,21-10-2024,Cancelled,1,Content Not Relevant
SUB000911,CUST00911,Standard,Annual,2990,04-12-2023,,Active,1,
SUB000912,CUST00912,Standard,Annual,2990,04-06-2023,,Paused,0,
SUB000913,CUST00913,Basic,Quarterly,402.3,05-07-2022,,Active,1,
SUB000914,CUST00914,Standard,Monthly,299,29-01-2024,01-06-2024,Cancelled,0,Found Free Alternative
SUB000915,CUST00915,Premium,Quarterly,1752.3,02-11-2023,,Active,0,
SUB000916,CUST00916,Standard,Quarterly,807.3,02-02-2024,,Active,1,
SUB000917,CUST00917,Premium,Annual,6490,24-09-2022,31-12-2024,Cancelled,1,Poor Streaming Quality
SUB000918,CUST00918,Basic,Monthly,149,27-04-2023,20-07-2023,Cancelled,0,Temporary Pause
SUB000919,CUST00919,Basic,Monthly,149,14-03-2022,14-10-2022,Cancelled,0,Poor Streaming Quality
SUB000920,CUST00920,Standard,Monthly,299,07-06-2024,,Active,0,
SUB000921,CUST00921,Premium,Quarterly,1752.3,25-02-2022,,Paused,1,
SUB000922,CUST00922,Standard,Annual,2990,24-02-2023,,Paused,1,
SUB000923,CUST00923,Basic,Monthly,149,02-06-2024,19-09-2024,Cancelled,1,Technical Issues
SUB000924,CUST00924,Basic,Annual,1490,09-10-2023,,Active,0,
SUB000925,CUST00925,Basic,Quarterly,402.3,05-01-2022,,Active,0,
SUB000926,CUST00926,Premium,Annual,6490,14-08-2023,,Active,1,
SUB000927,CUST00927,Standard,Quarterly,807.3,22-09-2023,,Active,0,
SUB000928,CUST00928,Basic,Annual,1490,04-05-2023,,Active,1,
SUB000929,CUST00929,Standard,Annual,2990,24-07-2022,31-12-2024,Cancelled,0,Switching to Competitor
SUB000930,CUST00930,Standard,Annual,2990,15-07-2022,,Active,0,
SUB000931,CUST00931,Premium,Monthly,649,20-08-2022,21-02-2023,Cancelled,1,Temporary Pause
SUB000932,CUST00932,Basic,Monthly,149,28-01-2023,,Active,1,
SUB000933,CUST00933,Standard,Monthly,299,08-03-2022,08-06-2022,Cancelled,0,
SUB000934,CUST00934,Standard,Annual,2990,16-01-2024,,Active,1,
SUB000935,CUST00935,Premium,Monthly,649,21-03-2023,19-05-2023,Cancelled,1,Content Not Relevant
SUB000936,CUST00936,Standard,Monthly,299,08-02-2024,,Active,0,
SUB000937,CUST00937,Standard,Annual,2990,22-08-2022,31-12-2024,Cancelled,1,
SUB000938,CUST00938,Premium,Monthly,649,27-08-2023,,Paused,1,
SUB000939,CUST00939,Basic,Quarterly,402.3,30-12-2023,,Paused,0,
SUB000940,CUST00940,Basic,Annual,1490,29-02-2024,,Active,0,
SUB000941,CUST00941,Basic,Annual,1490,19-02-2022,31-12-2024,Cancelled,0,Temporary Pause
SUB000942,CUST00942,Standard,Monthly,299,19-02-2022,,Active,1,
SUB000943,CUST00943,Basic,Annual,1490,07-05-2022,,Active,1,
SUB000944,CUST00944,Basic,Quarterly,402.3,30-07-2022,,Active,1,
SUB000945,CUST00945,Standard,Annual,2990,09-11-2023,,Active,1,
SUB000946,CUST00946,Premium,Monthly,649,13-09-2023,18-02-2024,Cancelled,1,Found Free Alternative
SUB000947,CUST00947,Premium,Quarterly,1752.3,07-01-2024,31-12-2024,Cancelled,0,Technical Issues
SUB000948,CUST00948,Standard,Monthly,299,14-03-2024,01-06-2024,Cancelled,1,Switching to Competitor
SUB000949,CUST00949,Premium,Annual,6490,24-07-2022,,Active,0,
SUB000950,CUST00950,Family,Annual,4990,22-12-2023,,Paused,0,
SUB000951,CUST00951,Basic,Quarterly,402.3,16-07-2023,,Active,1,
SUB000952,CUST00952,Basic,Quarterly,402.3,05-12-2022,,Active,1,
SUB000953,CUST00953,Standard,Annual,2990,24-04-2022,,Paused,1,
SUB000954,CUST00954,Premium,Quarterly,1752.3,09-03-2024,31-12-2024,Cancelled,1,Switching to Competitor
SUB000955,CUST00955,Family,Quarterly,1347.3,20-09-2022,14-07-2023,Cancelled,1,Temporary Pause
SUB000956,CUST00956,Basic,Quarterly,402.3,28-09-2022,08-03-2024,Cancelled,1,Found Free Alternative
SUB000957,CUST00957,Standard,Annual,2990,14-06-2024,31-12-2024,Cancelled,0,
SUB000958,CUST00958,Premium,Monthly,649,13-03-2023,23-05-2023,Cancelled,1,
SUB000959,CUST00959,Family,Annual,4990,22-05-2024,,Active,0,
SUB000960,CUST00960,Standard,Annual,2990,25-03-2023,,Active,0,
SUB000961,CUST00961,Standard,Monthly,299,17-01-2023,29-07-2023,Cancelled,1,Temporary Pause
SUB000962,CUST00962,Standard,Quarterly,807.3,14-02-2023,,Active,1,
SUB000963,CUST00963,Basic,Annual,1490,30-03-2024,31-12-2024,Cancelled,1,Switching to Competitor
SUB000964,CUST00964,Standard,Annual,2990,14-12-2023,31-12-2024,Cancelled,1,Technical Issues
SUB000965,CUST00965,Standard,Annual,2990,28-08-2023,,Active,0,
SUB000966,CUST00966,Standard,Quarterly,807.3,05-07-2022,,Active,1,
SUB000967,CUST00967,Premium,Annual,6490,30-01-2022,,Active,1,
SUB000968,CUST00968,Family,Quarterly,1347.3,27-06-2024,,Active,1,
SUB000969,CUST00969,Standard,Monthly,299,25-09-2022,,Active,1,
SUB000970,CUST00970,Standard,Annual,2990,25-02-2024,31-12-2024,Cancelled,0,Too Expensive
SUB000971,CUST00971,Basic,Annual,1490,16-06-2023,,Paused,1,
SUB000972,CUST00972,Premium,Annual,6490,09-11-2023,31-12-2024,Cancelled,1,Too Expensive
SUB000973,CUST00973,Standard,Monthly,299,02-06-2022,,Active,0,
SUB000974,CUST00974,Standard,Annual,2990,21-10-2023,31-12-2024,Cancelled,0,Content Not Relevant
SUB000975,CUST00975,Standard,Annual,2990,09-06-2024,,Active,0,
SUB000976,CUST00976,Premium,Monthly,649,04-09-2022,,Paused,0,
SUB000977,CUST00977,Standard,Monthly,299,17-08-2022,,Paused,1,
SUB000978,CUST00978,Standard,Annual,2990,22-03-2022,31-12-2024,Cancelled,1,Switching to Competitor
SUB000979,CUST00979,Standard,Quarterly,807.3,01-04-2022,,Paused,1,
SUB000980,CUST00980,Standard,Quarterly,807.3,25-05-2023,25-09-2024,Cancelled,1,Too Expensive
SUB000981,CUST00981,Basic,Quarterly,402.3,27-02-2023,11-01-2024,Cancelled,0,Found Free Alternative
SUB000982,CUST00982,Standard,Annual,2990,25-04-2024,,Active,0,
SUB000983,CUST00983,Premium,Monthly,649,30-06-2024,05-09-2024,Cancelled,1,Temporary Pause
SUB000984,CUST00984,Basic,Monthly,149,16-12-2022,,Active,1,
SUB000985,CUST00985,Standard,Monthly,299,06-12-2022,26-03-2023,Cancelled,1,Technical Issues
SUB000986,CUST00986,Basic,Monthly,149,04-01-2024,,Active,1,
SUB000987,CUST00987,Family,Monthly,499,27-04-2022,,Active,1,
SUB000988,CUST00988,Premium,Quarterly,1752.3,30-12-2022,17-04-2024,Cancelled,1,
SUB000989,CUST00989,Premium,Annual,6490,18-01-2023,06-08-2024,Cancelled,1,
SUB000990,CUST00990,Standard,Monthly,299,24-05-2022,,Active,1,
SUB000991,CUST00991,Family,Annual,4990,20-07-2022,,Active,1,
SUB000992,CUST00992,Premium,Monthly,649,14-04-2023,,Active,0,
SUB000993,CUST00993,Family,Quarterly,1347.3,17-02-2022,18-08-2022,Cancelled,0,Found Free Alternative
SUB000994,CUST00994,Standard,Annual,2990,14-04-2023,31-12-2024,Cancelled,1,Too Expensive
SUB000995,CUST00995,Standard,Quarterly,807.3,26-05-2023,,Active,1,
SUB000996,CUST00996,Standard,Quarterly,807.3,21-07-2023,,Paused,0,
SUB000997,CUST00997,Standard,Annual,2990,10-03-2024,31-12-2024,Cancelled,1,Too Expensive
SUB000998,CUST00998,Family,Quarterly,1347.3,17-04-2022,,Active,1,
SUB000999,CUST00999,Basic,Monthly,149,01-06-2023,03-07-2023,Cancelled,1,Switching to Competitor
SUB001000,CUST01000,Basic,Quarterly,402.3,08-10-2022,,Active,0,
SUB001001,CUST01001,Premium,Annual,6490,04-04-2024,,Active,0,
SUB001002,CUST01002,Standard,Monthly,299,18-12-2023,,Active,0,
SUB001003,CUST01003,Family,Annual,4990,31-05-2024,,Active,1,
SUB001004,CUST01004,Premium,Monthly,649,25-07-2022,,Active,1,
SUB001005,CUST01005,Basic,Quarterly,402.3,05-12-2023,,Active,0,
SUB001006,CUST01006,Standard,Monthly,299,31-05-2023,28-10-2023,Cancelled,1,Switching to Competitor
SUB001007,CUST01007,Family,Monthly,499,19-02-2024,,Active,1,
SUB001008,CUST01008,Basic,Quarterly,402.3,08-08-2023,,Active,1,
SUB001009,CUST01009,Family,Monthly,499,20-10-2022,,Paused,1,
SUB001010,CUST01010,Premium,Annual,6490,26-01-2022,,Active,1,
SUB001011,CUST01011,Standard,Quarterly,807.3,24-07-2022,26-04-2024,Cancelled,1,Content Not Relevant
SUB001012,CUST01012,Standard,Annual,2990,30-05-2022,,Active,1,
SUB001013,CUST01013,Basic,Monthly,149,03-02-2022,,Active,1,
SUB001014,CUST01014,Standard,Annual,2990,07-06-2024,31-12-2024,Cancelled,1,Content Not Relevant
SUB001015,CUST01015,Basic,Quarterly,402.3,03-02-2023,07-03-2024,Cancelled,1,
SUB001016,CUST01016,Standard,Annual,2990,11-12-2023,,Active,1,
SUB001017,CUST01017,Standard,Quarterly,807.3,03-03-2023,,Active,0,
SUB001018,CUST01018,Family,Quarterly,1347.3,01-02-2024,,Active,1,
SUB001019,CUST01019,Basic,Annual,1490,29-04-2024,31-12-2024,Cancelled,1,Poor Streaming Quality
SUB001020,CUST01020,Standard,Annual,2990,27-01-2024,,Active,1,
SUB001021,CUST01021,Standard,Annual,2990,29-10-2022,,Active,1,
SUB001022,CUST01022,Standard,Annual,2990,11-07-2022,,Active,0,
SUB001023,CUST01023,Premium,Quarterly,1752.3,11-02-2022,18-11-2022,Cancelled,1,Found Free Alternative
SUB001024,CUST01024,Premium,Quarterly,1752.3,14-05-2022,,Paused,0,
SUB001025,CUST01025,Basic,Quarterly,402.3,05-12-2022,,Active,1,
SUB001026,CUST01026,Premium,Quarterly,1752.3,27-11-2022,,Active,1,
SUB001027,CUST01027,Basic,Quarterly,402.3,13-05-2024,,Active,0,
SUB001028,CUST01028,Premium,Monthly,649,18-07-2023,,Active,1,
SUB001029,CUST01029,Standard,Monthly,299,23-06-2023,,Active,1,
SUB001030,CUST01030,Premium,Annual,6490,16-03-2024,31-12-2024,Cancelled,1,Technical Issues
SUB001031,CUST01031,Premium,Quarterly,1752.3,04-07-2023,,Active,0,
SUB001032,CUST01032,Premium,Annual,6490,23-06-2024,31-12-2024,Cancelled,1,Technical Issues
SUB001033,CUST01033,Standard,Annual,2990,28-10-2022,31-12-2024,Cancelled,1,Switching to Competitor
SUB001034,CUST01034,Standard,Annual,2990,29-07-2023,31-12-2024,Cancelled,0,Poor Streaming Quality
SUB001035,CUST01035,Premium,Quarterly,1752.3,02-04-2023,14-08-2024,Cancelled,1,Poor Streaming Quality
SUB001036,CUST01036,Family,Quarterly,1347.3,10-02-2022,,Paused,1,
SUB001037,CUST01037,Basic,Quarterly,402.3,20-09-2022,02-09-2023,Cancelled,0,Temporary Pause
SUB001038,CUST01038,Basic,Annual,1490,21-04-2024,,Active,1,
SUB001039,CUST01039,Premium,Monthly,649,14-05-2023,09-01-2024,Cancelled,1,Technical Issues
SUB001040,CUST01040,Standard,Monthly,299,25-11-2022,,Paused,0,
SUB001041,CUST01041,Basic,Quarterly,402.3,02-03-2024,31-12-2024,Cancelled,1,Poor Streaming Quality
SUB001042,CUST01042,Basic,Annual,1490,04-08-2022,,Active,1,
SUB001043,CUST01043,Standard,Annual,2990,05-05-2024,31-12-2024,Cancelled,1,Content Not Relevant
SUB001044,CUST01044,Standard,Annual,2990,25-10-2023,31-12-2024,Cancelled,1,Technical Issues
SUB001045,CUST01045,Standard,Quarterly,807.3,05-01-2024,,Paused,1,
SUB001046,CUST01046,Basic,Annual,1490,25-02-2022,31-12-2024,Cancelled,1,Poor Streaming Quality
SUB001047,CUST01047,Premium,Quarterly,1752.3,12-08-2023,31-12-2024,Cancelled,1,Switching to Competitor
SUB001048,CUST01048,Premium,Annual,6490,07-04-2023,,Paused,1,
SUB001049,CUST01049,Basic,Monthly,149,18-01-2022,23-08-2022,Cancelled,0,Found Free Alternative
SUB001050,CUST01050,Basic,Annual,1490,19-10-2023,,Paused,1,
SUB001051,CUST01051,Basic,Monthly,149,16-02-2022,,Active,0,
SUB001052,CUST01052,Premium,Quarterly,1752.3,24-10-2022,,Active,1,
SUB001053,CUST01053,Standard,Quarterly,807.3,23-02-2024,,Active,1,
SUB001054,CUST01054,Basic,Quarterly,402.3,01-05-2023,17-12-2024,Cancelled,1,Poor Streaming Quality
SUB001055,CUST01055,Standard,Monthly,299,04-02-2024,,Paused,0,
SUB001056,CUST01056,Standard,Annual,2990,02-11-2022,,Paused,1,
SUB001057,CUST01057,Standard,Annual,2990,14-06-2024,,Active,0,
SUB001058,CUST01058,Basic,Monthly,149,06-01-2022,,Paused,1,
SUB001059,CUST01059,Premium,Monthly,649,15-07-2023,02-03-2024,Cancelled,1,
SUB001060,CUST01060,Standard,Annual,2990,05-08-2022,31-12-2024,Cancelled,0,Poor Streaming Quality
SUB001061,CUST01061,Standard,Monthly,299,08-07-2022,22-09-2022,Cancelled,1,Found Free Alternative
SUB001062,CUST01062,Basic,Quarterly,402.3,28-04-2022,,Paused,1,
SUB001063,CUST01063,Standard,Annual,2990,18-04-2023,31-12-2024,Cancelled,1,
SUB001064,CUST01064,Premium,Quarterly,1752.3,19-11-2023,,Active,1,
SUB001065,CUST01065,Basic,Annual,1490,14-01-2024,,Paused,1,
SUB001066,CUST01066,Premium,Monthly,649,12-05-2022,,Active,1,
SUB001067,CUST01067,Standard,Annual,2990,27-09-2023,,Active,1,
SUB001068,CUST01068,Premium,Monthly,649,07-04-2023,,Active,0,
SUB001069,CUST01069,Standard,Annual,2990,12-12-2023,,Active,1,
SUB001070,CUST01070,Basic,Annual,1490,09-01-2023,,Active,1,
SUB001071,CUST01071,Premium,Monthly,649,17-11-2022,,Active,1,
SUB001072,CUST01072,Basic,Annual,1490,11-10-2022,31-12-2024,Cancelled,0,Temporary Pause
SUB001073,CUST01073,Premium,Annual,6490,17-06-2024,31-12-2024,Cancelled,0,Content Not Relevant
SUB001074,CUST01074,Basic,Monthly,149,04-03-2024,,Paused,1,
SUB001075,CUST01075,Basic,Quarterly,402.3,29-06-2022,,Paused,1,
SUB001076,CUST01076,Family,Monthly,499,29-05-2024,,Active,0,
SUB001077,CUST01077,Standard,Monthly,299,22-01-2024,18-04-2024,Cancelled,1,Too Expensive
SUB001078,CUST01078,Basic,Monthly,149,20-01-2022,,Active,1,
SUB001079,CUST01079,Standard,Annual,2990,19-02-2023,,Active,1,
SUB001080,CUST01080,Standard,Monthly,299,24-09-2022,07-01-2023,Cancelled,1,Too Expensive
SUB001081,CUST01081,Premium,Quarterly,1752.3,10-01-2023,,Paused,0,
SUB001082,CUST01082,Standard,Annual,2990,18-05-2022,31-12-2024,Cancelled,0,Poor Streaming Quality
SUB001083,CUST01083,Standard,Quarterly,807.3,11-02-2023,,Active,1,
SUB001084,CUST01084,Standard,Quarterly,807.3,18-05-2024,,Active,1,
SUB001085,CUST01085,Standard,Monthly,299,02-04-2023,,Active,1,
SUB001086,CUST01086,Premium,Annual,6490,07-11-2023,31-12-2024,Cancelled,0,Switching to Competitor
SUB001087,CUST01087,Basic,Annual,1490,13-08-2022,,Active,1,
SUB001088,CUST01088,Premium,Annual,6490,14-01-2023,31-12-2024,Cancelled,0,Technical Issues
SUB001089,CUST01089,Standard,Annual,2990,15-06-2023,,Paused,0,
SUB001090,CUST01090,Standard,Annual,2990,21-06-2024,,Active,1,
SUB001091,CUST01091,Standard,Annual,2990,16-04-2022,,Active,1,
SUB001092,CUST01092,Premium,Monthly,649,16-08-2023,14-12-2023,Cancelled,1,Temporary Pause
SUB001093,CUST01093,Standard,Annual,2990,01-11-2023,31-12-2024,Cancelled,1,Poor Streaming Quality
SUB001094,CUST01094,Premium,Monthly,649,14-06-2023,,Active,0,
SUB001095,CUST01095,Standard,Annual,2990,20-02-2023,,Active,1,
SUB001096,CUST01096,Basic,Annual,1490,27-06-2024,,Active,0,
SUB001097,CUST01097,Family,Annual,4990,27-03-2023,22-04-2024,Cancelled,0,Too Expensive
SUB001098,CUST01098,Premium,Quarterly,1752.3,21-10-2023,,Active,0,
SUB001099,CUST01099,Basic,Quarterly,402.3,11-06-2022,,Active,1,
SUB001100,CUST01100,Family,Monthly,499,08-11-2023,,Active,0,
SUB001101,CUST01101,Family,Annual,4990,09-05-2023,31-12-2024,Cancelled,1,Poor Streaming Quality
SUB001102,CUST01102,Standard,Annual,2990,15-06-2022,,Paused,1,
SUB001103,CUST01103,Standard,Monthly,299,14-02-2022,,Active,1,
SUB001104,CUST01104,Standard,Monthly,299,18-05-2022,,Active,1,
SUB001105,CUST01105,Basic,Quarterly,402.3,31-05-2022,,Active,1,
SUB001106,CUST01106,Family,Annual,4990,14-06-2023,31-12-2024,Cancelled,1,Temporary Pause
SUB001107,CUST01107,Basic,Annual,1490,18-06-2024,31-12-2024,Cancelled,1,Found Free Alternative
SUB001108,CUST01108,Basic,Monthly,149,05-04-2023,,Active,1,
SUB001109,CUST01109,Standard,Quarterly,807.3,13-08-2022,14-06-2024,Cancelled,0,Found Free Alternative
SUB001110,CUST01110,Premium,Monthly,649,20-04-2024,25-10-2024,Cancelled,1,Switching to Competitor
SUB001111,CUST01111,Standard,Quarterly,807.3,28-09-2022,03-06-2023,Cancelled,0,Found Free Alternative
SUB001112,CUST01112,Standard,Quarterly,807.3,28-08-2023,,Active,0,
SUB001113,CUST01113,Basic,Quarterly,402.3,16-05-2022,22-09-2022,Cancelled,0,Content Not Relevant
SUB001114,CUST01114,Premium,Quarterly,1752.3,30-05-2024,,Active,1,
SUB001115,CUST01115,Standard,Annual,2990,09-04-2022,,Active,1,
SUB001116,CUST01116,Basic,Monthly,149,09-02-2022,,Active,1,
SUB001117,CUST01117,Family,Annual,4990,09-05-2023,,Paused,1,
SUB001118,CUST01118,Standard,Monthly,299,27-04-2024,28-08-2024,Cancelled,1,Technical Issues
SUB001119,CUST01119,Family,Quarterly,1347.3,15-01-2023,01-06-2024,Cancelled,1,Found Free Alternative
SUB001120,CUST01120,Basic,Quarterly,402.3,01-04-2024,,Active,0,
SUB001121,CUST01121,Basic,Annual,1490,03-04-2024,31-12-2024,Cancelled,0,Poor Streaming Quality
SUB001122,CUST01122,Premium,Annual,6490,18-09-2022,31-12-2024,Cancelled,1,
SUB001123,CUST01123,Premium,Quarterly,1752.3,05-09-2023,,Paused,1,
SUB001124,CUST01124,Standard,Monthly,299,06-01-2022,,Paused,1,
SUB001125,CUST01125,Standard,Quarterly,807.3,17-06-2023,,Active,1,
SUB001126,CUST01126,Family,Quarterly,1347.3,06-12-2023,,Active,0,
SUB001127,CUST01127,Premium,Monthly,649,08-06-2022,,Active,0,
SUB001128,CUST01128,Premium,Annual,6490,25-05-2024,,Active,0,
SUB001129,CUST01129,Basic,Monthly,149,19-09-2023,04-01-2024,Cancelled,1,Technical Issues
SUB001130,CUST01130,Standard,Annual,2990,20-07-2023,31-12-2024,Cancelled,0,Switching to Competitor
SUB001131,CUST01131,Standard,Annual,2990,27-07-2023,,Active,1,
SUB001132,CUST01132,Standard,Monthly,299,15-08-2023,,Active,1,
SUB001133,CUST01133,Premium,Quarterly,1752.3,25-05-2024,31-12-2024,Cancelled,1,Too Expensive
SUB001134,CUST01134,Family,Monthly,499,03-04-2023,,Active,1,
SUB001135,CUST01135,Basic,Monthly,149,15-02-2023,,Active,1,
SUB001136,CUST01136,Family,Monthly,499,14-06-2022,,Paused,1,
SUB001137,CUST01137,Basic,Annual,1490,28-04-2023,31-12-2024,Cancelled,1,Temporary Pause
SUB001138,CUST01138,Basic,Annual,1490,27-09-2022,,Active,1,
SUB001139,CUST01139,Standard,Quarterly,807.3,08-02-2022,,Paused,1,
SUB001140,CUST01140,Premium,Monthly,649,21-10-2022,,Paused,1,
SUB001141,CUST01141,Standard,Annual,2990,26-03-2023,,Active,0,
SUB001142,CUST01142,Premium,Monthly,649,20-10-2022,,Active,1,
SUB001143,CUST01143,Standard,Monthly,299,13-06-2023,31-01-2024,Cancelled,1,Content Not Relevant
SUB001144,CUST01144,Basic,Quarterly,402.3,04-01-2023,22-12-2023,Cancelled,0,Poor Streaming Quality
SUB001145,CUST01145,Basic,Quarterly,402.3,10-10-2022,13-08-2024,Cancelled,1,Content Not Relevant
SUB001146,CUST01146,Premium,Quarterly,1752.3,20-02-2023,,Active,1,
SUB001147,CUST01147,Standard,Quarterly,807.3,25-01-2024,31-12-2024,Cancelled,1,
SUB001148,CUST01148,Standard,Monthly,299,14-01-2024,22-05-2024,Cancelled,1,Content Not Relevant
SUB001149,CUST01149,Premium,Monthly,649,15-04-2024,19-10-2024,Cancelled,1,
SUB001150,CUST01150,Premium,Quarterly,1752.3,11-04-2023,,Active,0,
SUB001151,CUST01151,Family,Monthly,499,29-06-2022,,Active,1,
SUB001152,CUST01152,Standard,Monthly,299,16-03-2022,18-06-2022,Cancelled,1,Found Free Alternative
SUB001153,CUST01153,Standard,Annual,2990,02-04-2024,31-12-2024,Cancelled,1,Temporary Pause
SUB001154,CUST01154,Standard,Monthly,299,14-09-2022,02-12-2022,Cancelled,1,
SUB001155,CUST01155,Basic,Quarterly,402.3,28-02-2024,31-12-2024,Cancelled,0,Temporary Pause
SUB001156,CUST01156,Standard,Monthly,299,24-08-2023,,Active,1,
SUB001157,CUST01157,Basic,Monthly,149,11-03-2022,,Active,0,
SUB001158,CUST01158,Premium,Annual,6490,30-03-2024,,Active,1,
SUB001159,CUST01159,Basic,Monthly,149,03-07-2023,,Active,1,
SUB001160,CUST01160,Basic,Monthly,149,06-04-2022,,Active,1,
SUB001161,CUST01161,Premium,Monthly,649,02-07-2022,,Active,1,
SUB001162,CUST01162,Standard,Quarterly,807.3,11-08-2023,,Paused,1,
SUB001163,CUST01163,Standard,Quarterly,807.3,26-05-2023,,Active,0,
SUB001164,CUST01164,Standard,Quarterly,807.3,12-06-2024,31-12-2024,Cancelled,1,Switching to Competitor
SUB001165,CUST01165,Standard,Quarterly,807.3,04-05-2024,31-12-2024,Cancelled,0,Switching to Competitor
SUB001166,CUST01166,Family,Quarterly,1347.3,08-03-2024,,Active,1,
SUB001167,CUST01167,Premium,Quarterly,1752.3,21-09-2023,,Active,1,
SUB001168,CUST01168,Standard,Annual,2990,16-01-2023,,Active,1,
SUB001169,CUST01169,Basic,Annual,1490,08-06-2024,,Paused,1,
SUB001170,CUST01170,Premium,Quarterly,1752.3,14-10-2022,,Paused,1,
SUB001171,CUST01171,Standard,Quarterly,807.3,25-02-2022,08-07-2023,Cancelled,1,Technical Issues
SUB001172,CUST01172,Basic,Annual,1490,03-02-2022,31-12-2024,Cancelled,0,Found Free Alternative
SUB001173,CUST01173,Family,Annual,4990,14-04-2023,,Paused,1,
SUB001174,CUST01174,Standard,Monthly,299,07-12-2023,,Paused,1,
SUB001175,CUST01175,Standard,Quarterly,807.3,24-01-2023,19-06-2024,Cancelled,1,Technical Issues
SUB001176,CUST01176,Basic,Annual,1490,20-09-2023,,Paused,0,
SUB001177,CUST01177,Standard,Quarterly,807.3,31-08-2022,28-06-2023,Cancelled,1,Switching to Competitor
SUB001178,CUST01178,Basic,Annual,1490,10-01-2023,,Active,0,
SUB001179,CUST01179,Standard,Monthly,299,06-03-2023,25-06-2023,Cancelled,1,Technical Issues
SUB001180,CUST01180,Premium,Monthly,649,07-04-2023,,Paused,1,
SUB001181,CUST01181,Standard,Annual,2990,04-12-2023,,Active,0,
SUB001182,CUST01182,Basic,Monthly,149,03-04-2024,05-05-2024,Cancelled,1,Found Free Alternative
SUB001183,CUST01183,Premium,Quarterly,1752.3,20-07-2022,,Active,1,
SUB001184,CUST01184,Premium,Monthly,649,30-06-2022,15-08-2022,Cancelled,1,Found Free Alternative
SUB001185,CUST01185,Standard,Quarterly,807.3,01-07-2023,,Active,1,
SUB001186,CUST01186,Standard,Annual,2990,30-07-2023,31-12-2024,Cancelled,1,Poor Streaming Quality
SUB001187,CUST01187,Basic,Annual,1490,09-12-2023,,Paused,0,
SUB001188,CUST01188,Family,Annual,4990,03-05-2023,,Active,1,
SUB001189,CUST01189,Standard,Monthly,299,24-09-2022,,Active,1,
SUB001190,CUST01190,Basic,Quarterly,402.3,09-04-2024,,Paused,1,
SUB001191,CUST01191,Premium,Annual,6490,05-05-2022,,Active,1,
SUB001192,CUST01192,Standard,Monthly,299,13-08-2023,,Active,1,
SUB001193,CUST01193,Family,Annual,4990,30-12-2022,31-12-2024,Cancelled,1,Found Free Alternative
SUB001194,CUST01194,Basic,Monthly,149,29-06-2024,,Paused,1,
SUB001195,CUST01195,Basic,Annual,1490,20-04-2023,31-12-2024,Cancelled,1,Content Not Relevant
SUB001196,CUST01196,Standard,Quarterly,807.3,08-03-2023,31-12-2024,Cancelled,1,Switching to Competitor
SUB001197,CUST01197,Standard,Quarterly,807.3,19-05-2024,31-12-2024,Cancelled,0,Too Expensive
SUB001198,CUST01198,Standard,Monthly,299,22-08-2022,21-11-2022,Cancelled,0,Temporary Pause
SUB001199,CUST01199,Basic,Quarterly,402.3,29-12-2023,31-12-2024,Cancelled,0,
SUB001200,CUST01200,Standard,Quarterly,807.3,05-10-2022,,Active,0,
SUB001201,CUST01201,Basic,Annual,1490,18-06-2023,31-12-2024,Cancelled,1,
SUB001202,CUST01202,Standard,Monthly,299,24-05-2024,,Active,0,
SUB001203,CUST01203,Standard,Quarterly,807.3,09-11-2023,,Paused,1,
SUB001204,CUST01204,Premium,Monthly,649,11-02-2023,,Active,0,
SUB001205,CUST01205,Basic,Quarterly,402.3,16-07-2023,31-12-2024,Cancelled,0,Content Not Relevant
SUB001206,CUST01206,Premium,Quarterly,1752.3,23-02-2024,,Active,1,
SUB001207,CUST01207,Premium,Monthly,649,09-06-2022,23-08-2022,Cancelled,1,Content Not Relevant
SUB001208,CUST01208,Basic,Monthly,149,11-09-2022,,Active,1,
SUB001209,CUST01209,Premium,Annual,6490,15-05-2022,,Active,1,
SUB001210,CUST01210,Standard,Quarterly,807.3,11-11-2023,,Active,0,
SUB001211,CUST01211,Basic,Monthly,149,10-06-2024,14-08-2024,Cancelled,1,Content Not Relevant
SUB001212,CUST01212,Basic,Annual,1490,19-05-2022,,Active,1,
SUB001213,CUST01213,Premium,Monthly,649,13-04-2023,12-11-2023,Cancelled,1,Poor Streaming Quality
SUB001214,CUST01214,Standard,Annual,2990,18-10-2023,31-12-2024,Cancelled,0,
SUB001215,CUST01215,Standard,Monthly,299,09-05-2023,,Active,1,
SUB001216,CUST01216,Basic,Monthly,149,12-11-2022,31-01-2023,Cancelled,1,Switching to Competitor
SUB001217,CUST01217,Premium,Annual,6490,07-11-2022,,Active,0,
SUB001218,CUST01218,Premium,Monthly,649,19-12-2022,10-04-2023,Cancelled,1,Switching to Competitor
SUB001219,CUST01219,Standard,Annual,2990,06-12-2023,31-12-2024,Cancelled,0,Temporary Pause
SUB001220,CUST01220,Basic,Quarterly,402.3,24-02-2024,,Active,0,
SUB001221,CUST01221,Basic,Annual,1490,26-03-2024,31-12-2024,Cancelled,1,Too Expensive
SUB001222,CUST01222,Basic,Quarterly,402.3,26-02-2023,,Active,0,
SUB001223,CUST01223,Premium,Quarterly,1752.3,17-06-2022,15-12-2023,Cancelled,1,Content Not Relevant
SUB001224,CUST01224,Standard,Quarterly,807.3,27-09-2022,,Active,0,
SUB001225,CUST01225,Basic,Quarterly,402.3,14-06-2023,,Paused,1,
SUB001226,CUST01226,Standard,Quarterly,807.3,08-04-2024,31-12-2024,Cancelled,1,Switching to Competitor
SUB001227,CUST01227,Basic,Quarterly,402.3,06-07-2022,,Paused,1,
SUB001228,CUST01228,Family,Quarterly,1347.3,25-09-2023,,Paused,1,
SUB001229,CUST01229,Basic,Annual,1490,19-05-2023,,Paused,1,
SUB001230,CUST01230,Premium,Quarterly,1752.3,20-02-2022,,Active,1,
SUB001231,CUST01231,Standard,Quarterly,807.3,16-10-2022,,Active,1,
SUB001232,CUST01232,Standard,Monthly,299,15-01-2024,18-02-2024,Cancelled,1,
SUB001233,CUST01233,Basic,Quarterly,402.3,16-01-2022,07-09-2023,Cancelled,1,Switching to Competitor
SUB001234,CUST01234,Standard,Annual,2990,16-11-2022,31-12-2024,Cancelled,1,
SUB001235,CUST01235,Standard,Monthly,299,05-12-2022,,Active,1,
SUB001236,CUST01236,Family,Monthly,499,05-03-2024,,Paused,0,
SUB001237,CUST01237,Basic,Monthly,149,05-07-2022,,Paused,1,
SUB001238,CUST01238,Standard,Monthly,299,05-05-2022,,Active,1,
SUB001239,CUST01239,Standard,Annual,2990,26-01-2024,,Active,0,
SUB001240,CUST01240,Basic,Quarterly,402.3,18-06-2023,02-10-2024,Cancelled,0,Switching to Competitor
SUB001241,CUST01241,Standard,Quarterly,807.3,29-11-2023,31-12-2024,Cancelled,1,Poor Streaming Quality
SUB001242,CUST01242,Basic,Quarterly,402.3,02-02-2024,,Active,0,
SUB001243,CUST01243,Family,Quarterly,1347.3,08-05-2023,,Active,0,
SUB001244,CUST01244,Premium,Annual,6490,27-06-2024,31-12-2024,Cancelled,1,Technical Issues
SUB001245,CUST01245,Premium,Annual,6490,11-10-2023,31-12-2024,Cancelled,1,
SUB001246,CUST01246,Premium,Quarterly,1752.3,24-03-2024,,Active,1,
SUB001247,CUST01247,Premium,Annual,6490,19-03-2024,31-12-2024,Cancelled,1,
SUB001248,CUST01248,Standard,Annual,2990,13-03-2024,31-12-2024,Cancelled,1,Technical Issues
SUB001249,CUST01249,Premium,Quarterly,1752.3,29-02-2024,,Active,1,
SUB001250,CUST01250,Standard,Monthly,299,04-04-2022,,Active,1,
SUB001251,CUST01251,Premium,Quarterly,1752.3,03-03-2022,,Active,1,
SUB001252,CUST01252,Standard,Quarterly,807.3,21-03-2024,,Active,0,
SUB001253,CUST01253,Basic,Annual,1490,21-11-2022,,Active,0,
SUB001254,CUST01254,Basic,Monthly,149,22-01-2022,,Active,1,
SUB001255,CUST01255,Premium,Quarterly,1752.3,14-09-2022,,Active,1,
SUB001256,CUST01256,Basic,Monthly,149,27-07-2023,02-09-2023,Cancelled,0,Poor Streaming Quality
SUB001257,CUST01257,Basic,Quarterly,402.3,14-07-2022,,Active,1,
SUB001258,CUST01258,Standard,Annual,2990,28-11-2022,31-12-2024,Cancelled,1,Content Not Relevant
SUB001259,CUST01259,Family,Quarterly,1347.3,14-06-2022,25-05-2024,Cancelled,1,Temporary Pause
SUB001260,CUST01260,Basic,Monthly,149,30-10-2022,03-12-2022,Cancelled,1,Too Expensive
SUB001261,CUST01261,Premium,Annual,6490,01-01-2022,,Active,1,
SUB001262,CUST01262,Premium,Quarterly,1752.3,23-06-2024,,Paused,0,
SUB001263,CUST01263,Standard,Monthly,299,02-09-2022,14-04-2023,Cancelled,1,Temporary Pause
SUB001264,CUST01264,Standard,Annual,2990,18-04-2024,31-12-2024,Cancelled,1,Switching to Competitor
SUB001265,CUST01265,Standard,Monthly,299,24-02-2024,20-04-2024,Cancelled,0,Switching to Competitor
SUB001266,CUST01266,Family,Monthly,499,27-11-2022,29-03-2023,Cancelled,1,Found Free Alternative
SUB001267,CUST01267,Basic,Quarterly,402.3,20-06-2023,,Paused,1,
SUB001268,CUST01268,Standard,Annual,2990,02-07-2022,,Paused,0,
SUB001269,CUST01269,Basic,Monthly,149,16-07-2022,,Paused,1,
SUB001270,CUST01270,Basic,Quarterly,402.3,05-11-2023,31-03-2024,Cancelled,0,Too Expensive
SUB001271,CUST01271,Basic,Annual,1490,20-09-2022,11-03-2024,Cancelled,1,Technical Issues
SUB001272,CUST01272,Premium,Monthly,649,06-01-2024,,Active,0,
SUB001273,CUST01273,Standard,Quarterly,807.3,30-06-2024,,Paused,1,
SUB001274,CUST01274,Standard,Quarterly,807.3,05-01-2023,,Paused,0,
SUB001275,CUST01275,Basic,Monthly,149,23-04-2024,,Active,1,
SUB001276,CUST01276,Standard,Monthly,299,22-01-2024,12-03-2024,Cancelled,0,Found Free Alternative
SUB001277,CUST01277,Standard,Monthly,299,16-06-2023,,Active,0,
SUB001278,CUST01278,Basic,Annual,1490,29-06-2023,,Active,1,
SUB001279,CUST01279,Standard,Annual,2990,04-11-2023,,Active,0,
SUB001280,CUST01280,Basic,Monthly,149,26-07-2023,30-10-2023,Cancelled,1,Content Not Relevant
SUB001281,CUST01281,Standard,Quarterly,807.3,24-02-2024,31-12-2024,Cancelled,0,Poor Streaming Quality
SUB001282,CUST01282,Basic,Monthly,149,21-12-2023,12-08-2024,Cancelled,1,Technical Issues
SUB001283,CUST01283,Basic,Annual,1490,22-03-2024,,Active,0,
SUB001284,CUST01284,Standard,Annual,2990,12-12-2022,,Active,1,
SUB001285,CUST01285,Basic,Annual,1490,30-03-2023,31-12-2024,Cancelled,1,Too Expensive
SUB001286,CUST01286,Standard,Monthly,299,15-05-2024,,Active,1,
SUB001287,CUST01287,Standard,Annual,2990,25-04-2024,,Active,1,
SUB001288,CUST01288,Family,Annual,4990,13-07-2023,,Paused,1,
SUB001289,CUST01289,Standard,Quarterly,807.3,04-01-2023,,Active,1,
SUB001290,CUST01290,Standard,Monthly,299,14-01-2024,,Active,1,
SUB001291,CUST01291,Family,Monthly,499,15-06-2023,20-10-2023,Cancelled,0,Switching to Competitor
SUB001292,CUST01292,Basic,Quarterly,402.3,16-08-2022,28-05-2023,Cancelled,1,Found Free Alternative
SUB001293,CUST01293,Basic,Quarterly,402.3,21-07-2023,,Active,1,
SUB001294,CUST01294,Premium,Quarterly,1752.3,08-06-2022,17-12-2023,Cancelled,1,Content Not Relevant
SUB001295,CUST01295,Family,Annual,4990,09-06-2022,,Active,1,
SUB001296,CUST01296,Basic,Monthly,149,13-09-2022,12-12-2022,Cancelled,1,Temporary Pause
SUB001297,CUST01297,Basic,Annual,1490,08-08-2023,,Active,0,
SUB001298,CUST01298,Standard,Monthly,299,11-01-2024,01-08-2024,Cancelled,1,Too Expensive
SUB001299,CUST01299,Basic,Quarterly,402.3,25-04-2024,,Paused,1,
SUB001300,CUST01300,Family,Annual,4990,08-02-2022,,Active,1,
SUB001301,CUST01301,Premium,Annual,6490,29-02-2024,,Active,1,
SUB001302,CUST01302,Standard,Monthly,299,07-06-2024,29-10-2024,Cancelled,1,Too Expensive
SUB001303,CUST01303,Premium,Quarterly,1752.3,12-01-2022,,Paused,1,
SUB001304,CUST01304,Premium,Annual,6490,21-06-2023,31-12-2024,Cancelled,1,Found Free Alternative
SUB001305,CUST01305,Standard,Quarterly,807.3,03-06-2022,,Active,0,
SUB001306,CUST01306,Family,Annual,4990,06-06-2022,,Active,1,
SUB001307,CUST01307,Premium,Quarterly,1752.3,13-08-2023,,Paused,1,
SUB001308,CUST01308,Standard,Quarterly,807.3,24-10-2022,,Active,0,
SUB001309,CUST01309,Premium,Quarterly,1752.3,26-03-2022,,Paused,1,
SUB001310,CUST01310,Family,Monthly,499,16-07-2023,,Active,1,
SUB001311,CUST01311,Family,Annual,4990,29-05-2023,,Active,1,
SUB001312,CUST01312,Standard,Annual,2990,27-07-2023,31-12-2024,Cancelled,0,Switching to Competitor
SUB001313,CUST01313,Premium,Annual,6490,20-07-2022,31-12-2024,Cancelled,0,Poor Streaming Quality
SUB001314,CUST01314,Basic,Quarterly,402.3,10-09-2022,,Active,0,
SUB001315,CUST01315,Basic,Monthly,149,28-11-2022,17-05-2023,Cancelled,0,Switching to Competitor
SUB001316,CUST01316,Premium,Annual,6490,10-03-2023,,Active,1,
SUB001317,CUST01317,Basic,Annual,1490,19-12-2022,,Active,0,
SUB001318,CUST01318,Family,Annual,4990,25-12-2022,,Paused,1,
SUB001319,CUST01319,Standard,Annual,2990,28-03-2023,,Active,1,
SUB001320,CUST01320,Standard,Quarterly,807.3,09-06-2022,18-03-2023,Cancelled,0,Too Expensive
SUB001321,CUST01321,Premium,Annual,6490,06-09-2022,,Paused,1,
SUB001322,CUST01322,Family,Annual,4990,18-12-2022,,Active,1,
SUB001323,CUST01323,Standard,Monthly,299,24-01-2022,,Active,1,
SUB001324,CUST01324,Basic,Monthly,149,05-08-2022,27-10-2022,Cancelled,1,Content Not Relevant
SUB001325,CUST01325,Basic,Quarterly,402.3,16-07-2023,,Paused,1,
SUB001326,CUST01326,Standard,Monthly,299,13-12-2023,,Active,1,
SUB001327,CUST01327,Standard,Monthly,299,11-11-2023,17-05-2024,Cancelled,0,
SUB001328,CUST01328,Standard,Annual,2990,03-03-2022,31-12-2024,Cancelled,1,
SUB001329,CUST01329,Standard,Monthly,299,05-10-2022,05-03-2023,Cancelled,1,Content Not Relevant
SUB001330,CUST01330,Standard,Annual,2990,10-03-2022,,Active,0,
SUB001331,CUST01331,Standard,Monthly,299,04-06-2024,,Paused,1,
SUB001332,CUST01332,Standard,Annual,2990,25-08-2022,31-12-2024,Cancelled,0,Content Not Relevant
SUB001333,CUST01333,Standard,Annual,2990,20-11-2022,31-12-2024,Cancelled,1,Too Expensive
SUB001334,CUST01334,Standard,Annual,2990,10-07-2022,,Paused,1,
SUB001335,CUST01335,Standard,Monthly,299,31-12-2023,02-03-2024,Cancelled,0,Too Expensive
SUB001336,CUST01336,Family,Quarterly,1347.3,09-11-2022,11-08-2023,Cancelled,1,Temporary Pause
SUB001337,CUST01337,Standard,Quarterly,807.3,19-01-2022,,Active,1,
SUB001338,CUST01338,Standard,Annual,2990,30-08-2022,,Active,1,
SUB001339,CUST01339,Basic,Monthly,149,18-06-2024,18-12-2024,Cancelled,1,Poor Streaming Quality
SUB001340,CUST01340,Basic,Monthly,149,19-08-2022,,Active,1,
SUB001341,CUST01341,Standard,Monthly,299,31-03-2022,14-11-2022,Cancelled,0,Switching to Competitor
SUB001342,CUST01342,Premium,Monthly,649,12-06-2024,07-09-2024,Cancelled,1,
SUB001343,CUST01343,Basic,Quarterly,402.3,10-08-2023,,Active,1,
SUB001344,CUST01344,Basic,Monthly,149,04-12-2022,,Active,1,
SUB001345,CUST01345,Standard,Annual,2990,31-10-2023,,Active,0,
SUB001346,CUST01346,Standard,Quarterly,807.3,02-06-2024,,Active,1,
SUB001347,CUST01347,Standard,Quarterly,807.3,19-05-2022,14-11-2022,Cancelled,1,Found Free Alternative
SUB001348,CUST01348,Standard,Annual,2990,11-06-2022,,Active,1,
SUB001349,CUST01349,Basic,Monthly,149,07-01-2024,,Active,1,
SUB001350,CUST01350,Standard,Annual,2990,15-01-2024,,Active,1,
SUB001351,CUST01351,Basic,Annual,1490,07-11-2022,31-12-2024,Cancelled,1,Too Expensive
SUB001352,CUST01352,Basic,Monthly,149,20-04-2022,27-11-2022,Cancelled,0,Poor Streaming Quality
SUB001353,CUST01353,Basic,Monthly,149,24-09-2023,,Active,1,
SUB001354,CUST01354,Standard,Quarterly,807.3,25-08-2022,,Active,1,
SUB001355,CUST01355,Premium,Monthly,649,03-01-2023,05-04-2023,Cancelled,1,Technical Issues
SUB001356,CUST01356,Basic,Quarterly,402.3,16-05-2024,,Active,1,
SUB001357,CUST01357,Basic,Annual,1490,08-07-2022,,Active,1,
SUB001358,CUST01358,Standard,Annual,2990,17-06-2022,21-03-2024,Cancelled,1,Content Not Relevant
SUB001359,CUST01359,Standard,Monthly,299,22-02-2024,,Paused,0,
SUB001360,CUST01360,Standard,Monthly,299,31-01-2024,,Paused,1,
SUB001361,CUST01361,Premium,Monthly,649,01-07-2022,,Paused,1,
SUB001362,CUST01362,Basic,Annual,1490,06-06-2024,,Paused,1,
SUB001363,CUST01363,Standard,Monthly,299,05-03-2024,,Active,1,
SUB001364,CUST01364,Standard,Annual,2990,08-01-2024,,Active,1,
SUB001365,CUST01365,Standard,Quarterly,807.3,01-09-2023,,Active,1,
SUB001366,CUST01366,Standard,Quarterly,807.3,18-06-2023,11-12-2023,Cancelled,0,Switching to Competitor
SUB001367,CUST01367,Premium,Monthly,649,17-06-2024,,Paused,1,
SUB001368,CUST01368,Standard,Quarterly,807.3,23-01-2024,31-12-2024,Cancelled,0,Found Free Alternative
SUB001369,CUST01369,Family,Quarterly,1347.3,23-02-2024,,Paused,0,
SUB001370,CUST01370,Standard,Annual,2990,27-03-2023,,Active,1,
SUB001371,CUST01371,Standard,Annual,2990,20-06-2022,,Active,0,
SUB001372,CUST01372,Standard,Annual,2990,08-12-2023,31-12-2024,Cancelled,1,Temporary Pause
SUB001373,CUST01373,Standard,Monthly,299,03-04-2022,24-07-2022,Cancelled,1,Technical Issues
SUB001374,CUST01374,Standard,Quarterly,807.3,14-12-2023,31-12-2024,Cancelled,0,Poor Streaming Quality
SUB001375,CUST01375,Basic,Annual,1490,28-11-2022,,Active,0,
SUB001376,CUST01376,Premium,Monthly,649,28-08-2023,,Active,1,
SUB001377,CUST01377,Standard,Quarterly,807.3,28-11-2022,,Active,1,
SUB001378,CUST01378,Premium,Annual,6490,04-04-2022,,Active,0,
SUB001379,CUST01379,Premium,Quarterly,1752.3,29-03-2022,,Active,0,
SUB001380,CUST01380,Premium,Quarterly,1752.3,19-09-2023,31-12-2024,Cancelled,1,Technical Issues
SUB001381,CUST01381,Standard,Annual,2990,14-02-2022,31-12-2024,Cancelled,1,Found Free Alternative
SUB001382,CUST01382,Basic,Annual,1490,16-06-2022,06-11-2024,Cancelled,1,Poor Streaming Quality
SUB001383,CUST01383,Basic,Monthly,149,06-03-2023,,Active,1,
SUB001384,CUST01384,Standard,Annual,2990,23-10-2022,,Active,0,
SUB001385,CUST01385,Standard,Monthly,299,27-07-2022,13-12-2022,Cancelled,0,
SUB001386,CUST01386,Standard,Quarterly,807.3,15-04-2023,,Active,1,
SUB001387,CUST01387,Basic,Monthly,149,15-09-2023,,Active,1,
SUB001388,CUST01388,Premium,Quarterly,1752.3,07-11-2023,31-12-2024,Cancelled,1,Switching to Competitor
SUB001389,CUST01389,Premium,Annual,6490,23-03-2022,,Active,1,
SUB001390,CUST01390,Premium,Annual,6490,22-06-2024,31-12-2024,Cancelled,1,Temporary Pause
SUB001391,CUST01391,Basic,Monthly,149,19-04-2024,24-10-2024,Cancelled,0,Temporary Pause
SUB001392,CUST01392,Family,Quarterly,1347.3,26-02-2022,,Active,1,
SUB001393,CUST01393,Standard,Quarterly,807.3,24-05-2024,,Active,1,
SUB001394,CUST01394,Basic,Annual,1490,06-12-2022,31-12-2024,Cancelled,1,Temporary Pause
SUB001395,CUST01395,Premium,Monthly,649,02-07-2022,13-11-2022,Cancelled,1,Technical Issues
SUB001396,CUST01396,Standard,Monthly,299,10-08-2023,,Active,1,
SUB001397,CUST01397,Basic,Monthly,149,04-01-2023,,Paused,0,
SUB001398,CUST01398,Premium,Quarterly,1752.3,13-01-2023,,Active,1,
SUB001399,CUST01399,Premium,Quarterly,1752.3,08-03-2022,,Paused,1,
SUB001400,CUST01400,Premium,Quarterly,1752.3,13-12-2023,,Paused,1,
SUB001401,CUST01401,Standard,Quarterly,807.3,22-06-2023,31-12-2024,Cancelled,1,Found Free Alternative
SUB001402,CUST01402,Standard,Quarterly,807.3,22-04-2022,,Paused,1,
SUB001403,CUST01403,Standard,Quarterly,807.3,12-01-2024,29-06-2024,Cancelled,0,Poor Streaming Quality
SUB001404,CUST01404,Basic,Quarterly,402.3,18-05-2024,31-12-2024,Cancelled,1,Poor Streaming Quality
SUB001405,CUST01405,Basic,Annual,1490,01-10-2023,31-12-2024,Cancelled,1,
SUB001406,CUST01406,Family,Annual,4990,24-05-2023,,Active,0,
SUB001407,CUST01407,Standard,Quarterly,807.3,23-06-2024,,Active,1,
SUB001408,CUST01408,Standard,Quarterly,807.3,18-07-2022,,Paused,1,
SUB001409,CUST01409,Premium,Quarterly,1752.3,03-10-2023,18-09-2024,Cancelled,1,Technical Issues
SUB001410,CUST01410,Basic,Quarterly,402.3,28-02-2023,,Active,1,
SUB001411,CUST01411,Premium,Annual,6490,05-04-2024,,Active,1,
SUB001412,CUST01412,Family,Quarterly,1347.3,08-12-2023,27-10-2024,Cancelled,1,Switching to Competitor
SUB001413,CUST01413,Basic,Annual,1490,04-11-2022,,Active,1,
SUB001414,CUST01414,Standard,Quarterly,807.3,27-04-2022,,Active,1,
SUB001415,CUST01415,Premium,Quarterly,1752.3,23-09-2023,,Active,1,
SUB001416,CUST01416,Standard,Monthly,299,03-05-2024,,Active,1,
SUB001417,CUST01417,Standard,Annual,2990,24-10-2023,,Active,1,
SUB001418,CUST01418,Standard,Quarterly,807.3,04-06-2024,,Active,1,
SUB001419,CUST01419,Premium,Monthly,649,31-01-2024,,Active,1,
SUB001420,CUST01420,Premium,Quarterly,1752.3,13-01-2024,,Active,0,
SUB001421,CUST01421,Basic,Quarterly,402.3,02-08-2022,,Active,0,
SUB001422,CUST01422,Basic,Annual,1490,02-06-2022,,Active,1,
SUB001423,CUST01423,Standard,Monthly,299,04-10-2023,,Active,0,
SUB001424,CUST01424,Standard,Monthly,299,03-02-2023,,Active,1,
SUB001425,CUST01425,Standard,Monthly,299,24-12-2023,26-06-2024,Cancelled,1,Temporary Pause
SUB001426,CUST01426,Standard,Quarterly,807.3,30-03-2022,18-10-2022,Cancelled,0,Technical Issues
SUB001427,CUST01427,Basic,Annual,1490,29-04-2024,,Active,1,
SUB001428,CUST01428,Basic,Quarterly,402.3,29-06-2022,,Paused,0,
SUB001429,CUST01429,Premium,Annual,6490,05-04-2022,,Paused,0,
SUB001430,CUST01430,Standard,Annual,2990,28-05-2023,,Active,0,
SUB001431,CUST01431,Standard,Annual,2990,21-01-2024,,Active,0,
SUB001432,CUST01432,Family,Monthly,499,27-02-2024,,Paused,1,
SUB001433,CUST01433,Premium,Monthly,649,30-07-2022,01-12-2022,Cancelled,1,Content Not Relevant
SUB001434,CUST01434,Standard,Quarterly,807.3,29-04-2022,,Active,1,
SUB001435,CUST01435,Basic,Quarterly,402.3,11-06-2024,25-09-2024,Cancelled,1,Poor Streaming Quality
SUB001436,CUST01436,Premium,Monthly,649,16-04-2022,,Active,0,
SUB001437,CUST01437,Premium,Quarterly,1752.3,16-02-2024,01-06-2024,Cancelled,1,
SUB001438,CUST01438,Basic,Quarterly,402.3,17-07-2022,,Paused,1,
SUB001439,CUST01439,Premium,Quarterly,1752.3,02-03-2024,22-07-2024,Cancelled,1,Switching to Competitor
SUB001440,CUST01440,Premium,Monthly,649,11-06-2022,24-07-2022,Cancelled,1,
SUB001441,CUST01441,Family,Annual,4990,28-07-2023,,Active,0,
SUB001442,CUST01442,Basic,Annual,1490,25-12-2022,,Active,1,
SUB001443,CUST01443,Basic,Quarterly,402.3,23-12-2023,31-12-2024,Cancelled,1,Too Expensive
SUB001444,CUST01444,Family,Monthly,499,14-03-2022,,Active,1,
SUB001445,CUST01445,Basic,Monthly,149,31-03-2023,,Active,1,
SUB001446,CUST01446,Standard,Quarterly,807.3,23-11-2023,,Paused,1,
SUB001447,CUST01447,Standard,Quarterly,807.3,30-03-2022,,Active,1,
SUB001448,CUST01448,Premium,Quarterly,1752.3,30-08-2023,,Active,0,
SUB001449,CUST01449,Premium,Annual,6490,16-11-2022,,Active,1,
SUB001450,CUST01450,Family,Quarterly,1347.3,22-03-2022,13-09-2023,Cancelled,0,Temporary Pause
SUB001451,CUST01451,Basic,Monthly,149,12-04-2024,18-08-2024,Cancelled,1,Poor Streaming Quality
SUB001452,CUST01452,Basic,Monthly,149,02-12-2023,04-02-2024,Cancelled,1,Poor Streaming Quality
SUB001453,CUST01453,Standard,Quarterly,807.3,18-08-2022,,Active,1,
SUB001454,CUST01454,Standard,Quarterly,807.3,06-02-2023,,Active,1,
SUB001455,CUST01455,Family,Monthly,499,15-05-2023,,Active,0,
SUB001456,CUST01456,Standard,Monthly,299,26-12-2022,08-03-2023,Cancelled,0,
SUB001457,CUST01457,Basic,Annual,1490,26-02-2024,,Active,0,
SUB001458,CUST01458,Premium,Quarterly,1752.3,05-06-2023,,Active,0,
SUB001459,CUST01459,Standard,Annual,2990,30-11-2022,31-12-2024,Cancelled,0,Switching to Competitor
SUB001460,CUST01460,Standard,Annual,2990,18-04-2023,,Active,0,
SUB001461,CUST01461,Premium,Monthly,649,28-09-2023,02-11-2023,Cancelled,1,
SUB001462,CUST01462,Basic,Annual,1490,29-01-2023,31-12-2024,Cancelled,1,Temporary Pause
SUB001463,CUST01463,Premium,Quarterly,1752.3,18-03-2023,14-11-2023,Cancelled,0,Technical Issues
SUB001464,CUST01464,Premium,Monthly,649,12-12-2023,,Active,1,
SUB001465,CUST01465,Family,Monthly,499,28-01-2024,,Active,1,
SUB001466,CUST01466,Premium,Quarterly,1752.3,03-09-2023,,Active,1,
SUB001467,CUST01467,Basic,Annual,1490,21-04-2024,,Active,1,
SUB001468,CUST01468,Family,Monthly,499,13-03-2022,,Paused,1,
SUB001469,CUST01469,Standard,Monthly,299,29-02-2024,02-07-2024,Cancelled,1,Temporary Pause
SUB001470,CUST01470,Basic,Quarterly,402.3,03-04-2022,,Paused,0,
SUB001471,CUST01471,Basic,Quarterly,402.3,15-02-2024,,Active,1,
SUB001472,CUST01472,Standard,Monthly,299,26-10-2022,27-04-2023,Cancelled,1,Poor Streaming Quality
SUB001473,CUST01473,Premium,Monthly,649,20-07-2022,10-03-2023,Cancelled,0,Too Expensive
SUB001474,CUST01474,Basic,Quarterly,402.3,24-03-2024,,Active,0,
SUB001475,CUST01475,Standard,Monthly,299,02-04-2022,16-06-2022,Cancelled,1,Switching to Competitor
SUB001476,CUST01476,Basic,Quarterly,402.3,18-02-2023,,Active,0,
SUB001477,CUST01477,Standard,Monthly,299,17-07-2023,03-11-2023,Cancelled,1,Content Not Relevant
SUB001478,CUST01478,Basic,Annual,1490,20-04-2024,31-12-2024,Cancelled,0,Too Expensive
SUB001479,CUST01479,Premium,Monthly,649,29-08-2022,,Paused,1,
SUB001480,CUST01480,Basic,Annual,1490,30-12-2023,31-12-2024,Cancelled,1,Temporary Pause
SUB001481,CUST01481,Basic,Quarterly,402.3,13-07-2023,,Active,1,
SUB001482,CUST01482,Standard,Annual,2990,12-07-2022,,Paused,0,
SUB001483,CUST01483,Basic,Quarterly,402.3,07-06-2022,17-08-2023,Cancelled,0,Switching to Competitor
SUB001484,CUST01484,Standard,Quarterly,807.3,15-03-2022,,Active,1,
SUB001485,CUST01485,Standard,Quarterly,807.3,05-11-2023,,Active,1,
SUB001486,CUST01486,Standard,Monthly,299,20-10-2023,27-12-2023,Cancelled,0,Switching to Competitor
SUB001487,CUST01487,Basic,Monthly,149,12-03-2023,,Active,1,
SUB001488,CUST01488,Basic,Quarterly,402.3,11-03-2023,23-08-2023,Cancelled,1,Found Free Alternative
SUB001489,CUST01489,Standard,Annual,2990,20-08-2022,31-12-2024,Cancelled,1,Poor Streaming Quality
SUB001490,CUST01490,Basic,Annual,1490,15-08-2023,,Active,0,
SUB001491,CUST01491,Basic,Quarterly,402.3,03-10-2022,,Active,1,
SUB001492,CUST01492,Standard,Quarterly,807.3,04-02-2022,06-06-2022,Cancelled,1,Poor Streaming Quality
SUB001493,CUST01493,Basic,Quarterly,402.3,26-04-2022,,Paused,0,
SUB001494,CUST01494,Premium,Quarterly,1752.3,26-05-2022,24-07-2023,Cancelled,0,Poor Streaming Quality
SUB001495,CUST01495,Standard,Annual,2990,22-03-2022,,Active,1,
SUB001496,CUST01496,Premium,Monthly,649,29-04-2023,,Paused,1,
SUB001497,CUST01497,Standard,Quarterly,807.3,28-03-2024,16-11-2024,Cancelled,1,
SUB001498,CUST01498,Family,Monthly,499,18-12-2022,,Paused,1,
SUB001499,CUST01499,Premium,Annual,6490,09-06-2023,,Active,0,
SUB001500,CUST01500,Standard,Monthly,299,08-03-2023,21-10-2023,Cancelled,0,Technical Issues
SUB001501,CUST01501,Basic,Quarterly,402.3,06-02-2022,,Active,0,
SUB001502,CUST01502,Standard,Annual,2990,24-09-2022,,Active,1,
SUB001503,CUST01503,Premium,Annual,6490,10-08-2023,,Paused,0,
SUB001504,CUST01504,Standard,Quarterly,807.3,28-01-2022,,Paused,1,
SUB001505,CUST01505,Basic,Monthly,149,02-06-2023,,Active,1,
SUB001506,CUST01506,Premium,Quarterly,1752.3,23-09-2023,,Active,1,
SUB001507,CUST01507,Premium,Monthly,649,30-01-2024,,Active,0,
SUB001508,CUST01508,Premium,Monthly,649,27-01-2024,,Active,1,
SUB001509,CUST01509,Basic,Annual,1490,25-09-2022,31-12-2024,Cancelled,1,Technical Issues
SUB001510,CUST01510,Standard,Quarterly,807.3,01-06-2024,15-11-2024,Cancelled,1,Poor Streaming Quality
SUB001511,CUST01511,Basic,Annual,1490,02-09-2023,,Active,0,
SUB001512,CUST01512,Standard,Quarterly,807.3,01-09-2022,,Active,0,
SUB001513,CUST01513,Standard,Quarterly,807.3,04-08-2022,,Active,1,
SUB001514,CUST01514,Standard,Quarterly,807.3,13-02-2024,04-12-2024,Cancelled,1,Poor Streaming Quality
SUB001515,CUST01515,Basic,Annual,1490,13-02-2023,31-12-2024,Cancelled,1,Content Not Relevant
SUB001516,CUST01516,Basic,Annual,1490,28-08-2022,,Active,0,
SUB001517,CUST01517,Basic,Quarterly,402.3,29-05-2022,,Paused,1,
SUB001518,CUST01518,Premium,Quarterly,1752.3,27-03-2024,31-12-2024,Cancelled,1,Content Not Relevant
SUB001519,CUST01519,Basic,Monthly,149,27-06-2023,,Active,1,
SUB001520,CUST01520,Basic,Quarterly,402.3,14-05-2024,,Active,1,
SUB001521,CUST01521,Standard,Annual,2990,10-12-2022,,Paused,0,
SUB001522,CUST01522,Basic,Annual,1490,02-11-2023,,Active,1,
SUB001523,CUST01523,Premium,Quarterly,1752.3,22-01-2024,31-10-2024,Cancelled,0,Temporary Pause
SUB001524,CUST01524,Premium,Annual,6490,25-11-2023,,Active,1,
SUB001525,CUST01525,Basic,Quarterly,402.3,20-11-2023,31-12-2024,Cancelled,1,
SUB001526,CUST01526,Family,Annual,4990,11-04-2022,,Active,1,
SUB001527,CUST01527,Premium,Quarterly,1752.3,26-12-2022,31-08-2024,Cancelled,1,Technical Issues
SUB001528,CUST01528,Basic,Annual,1490,04-02-2022,,Active,0,
SUB001529,CUST01529,Basic,Annual,1490,01-09-2023,,Paused,0,
SUB001530,CUST01530,Premium,Quarterly,1752.3,27-12-2023,31-12-2024,Cancelled,1,Too Expensive
SUB001531,CUST01531,Basic,Monthly,149,20-01-2023,20-05-2023,Cancelled,1,Found Free Alternative
SUB001532,CUST01532,Standard,Quarterly,807.3,14-12-2023,,Active,1,
SUB001533,CUST01533,Premium,Monthly,649,08-11-2023,01-01-2024,Cancelled,0,Content Not Relevant
SUB001534,CUST01534,Standard,Quarterly,807.3,10-12-2023,,Active,1,
SUB001535,CUST01535,Standard,Monthly,299,10-03-2024,,Active,1,
SUB001536,CUST01536,Standard,Quarterly,807.3,02-02-2023,20-08-2023,Cancelled,1,Temporary Pause
SUB001537,CUST01537,Standard,Monthly,299,02-07-2022,,Paused,1,
SUB001538,CUST01538,Basic,Quarterly,402.3,17-09-2023,,Active,1,
SUB001539,CUST01539,Standard,Annual,2990,22-04-2022,24-07-2023,Cancelled,1,Temporary Pause
SUB001540,CUST01540,Standard,Annual,2990,21-09-2023,31-12-2024,Cancelled,0,Content Not Relevant
SUB001541,CUST01541,Standard,Monthly,299,16-04-2022,,Active,1,
SUB001542,CUST01542,Premium,Monthly,649,16-01-2024,,Active,1,
SUB001543,CUST01543,Basic,Quarterly,402.3,02-06-2022,,Active,0,
SUB001544,CUST01544,Standard,Annual,2990,30-09-2022,,Active,0,
SUB001545,CUST01545,Standard,Monthly,299,04-01-2022,,Active,1,
SUB001546,CUST01546,Family,Quarterly,1347.3,18-02-2023,24-04-2024,Cancelled,1,Too Expensive
SUB001547,CUST01547,Basic,Monthly,149,29-01-2023,,Active,1,
SUB001548,CUST01548,Premium,Monthly,649,03-01-2023,,Active,1,
SUB001549,CUST01549,Standard,Quarterly,807.3,10-10-2023,31-12-2024,Cancelled,1,Content Not Relevant
SUB001550,CUST01550,Standard,Monthly,299,23-05-2024,,Active,0,
SUB001551,CUST01551,Premium,Quarterly,1752.3,26-10-2023,01-06-2024,Cancelled,1,Technical Issues
SUB001552,CUST01552,Family,Monthly,499,29-01-2023,,Active,0,
SUB001553,CUST01553,Premium,Monthly,649,20-04-2022,,Active,1,
SUB001554,CUST01554,Standard,Annual,2990,25-06-2024,,Active,0,
SUB001555,CUST01555,Basic,Monthly,149,24-05-2022,,Paused,0,
SUB001556,CUST01556,Basic,Monthly,149,02-09-2022,,Active,0,
SUB001557,CUST01557,Standard,Annual,2990,21-10-2023,,Active,1,
SUB001558,CUST01558,Standard,Monthly,299,17-01-2022,,Active,0,
SUB001559,CUST01559,Basic,Annual,1490,17-03-2024,,Active,1,
SUB001560,CUST01560,Premium,Monthly,649,06-04-2024,,Active,0,
SUB001561,CUST01561,Basic,Quarterly,402.3,02-06-2022,11-04-2023,Cancelled,1,Content Not Relevant
SUB001562,CUST01562,Standard,Annual,2990,24-01-2024,31-12-2024,Cancelled,0,Too Expensive
SUB001563,CUST01563,Standard,Quarterly,807.3,28-04-2023,21-12-2023,Cancelled,1,Content Not Relevant
SUB001564,CUST01564,Premium,Quarterly,1752.3,15-01-2022,,Paused,0,
SUB001565,CUST01565,Standard,Quarterly,807.3,13-04-2023,,Active,0,
SUB001566,CUST01566,Basic,Quarterly,402.3,17-04-2024,,Active,1,
SUB001567,CUST01567,Standard,Quarterly,807.3,29-03-2024,,Active,1,
SUB001568,CUST01568,Standard,Monthly,299,13-03-2023,27-04-2023,Cancelled,0,
SUB001569,CUST01569,Standard,Monthly,299,02-12-2023,,Active,1,
SUB001570,CUST01570,Basic,Monthly,149,06-05-2024,,Active,1,
SUB001571,CUST01571,Premium,Annual,6490,10-12-2022,31-12-2024,Cancelled,1,Temporary Pause
SUB001572,CUST01572,Standard,Quarterly,807.3,15-02-2024,31-12-2024,Cancelled,1,Poor Streaming Quality
SUB001573,CUST01573,Basic,Quarterly,402.3,21-07-2023,03-03-2024,Cancelled,1,Technical Issues
SUB001574,CUST01574,Standard,Quarterly,807.3,11-02-2022,27-11-2023,Cancelled,0,Switching to Competitor
SUB001575,CUST01575,Basic,Annual,1490,21-01-2023,,Active,0,
SUB001576,CUST01576,Basic,Annual,1490,07-01-2022,,Active,0,
SUB001577,CUST01577,Standard,Monthly,299,27-06-2024,,Active,1,
SUB001578,CUST01578,Premium,Quarterly,1752.3,10-12-2023,,Active,0,
SUB001579,CUST01579,Standard,Annual,2990,20-06-2023,07-09-2024,Cancelled,1,Poor Streaming Quality
SUB001580,CUST01580,Standard,Monthly,299,18-09-2023,,Active,1,
SUB001581,CUST01581,Premium,Annual,6490,19-09-2023,,Active,0,
SUB001582,CUST01582,Premium,Annual,6490,05-01-2022,31-12-2024,Cancelled,0,Found Free Alternative
SUB001583,CUST01583,Basic,Quarterly,402.3,27-06-2023,,Active,1,
SUB001584,CUST01584,Basic,Quarterly,402.3,04-06-2023,,Active,0,
SUB001585,CUST01585,Standard,Monthly,299,11-10-2022,,Active,0,
SUB001586,CUST01586,Basic,Annual,1490,03-12-2023,,Active,1,
SUB001587,CUST01587,Premium,Monthly,649,18-11-2023,,Active,1,
SUB001588,CUST01588,Standard,Annual,2990,19-10-2022,,Active,1,
SUB001589,CUST01589,Premium,Monthly,649,24-09-2023,,Active,1,
SUB001590,CUST01590,Basic,Annual,1490,05-07-2023,,Active,0,
SUB001591,CUST01591,Standard,Quarterly,807.3,12-06-2023,,Active,1,
SUB001592,CUST01592,Family,Annual,4990,30-08-2023,31-12-2024,Cancelled,0,Technical Issues
SUB001593,CUST01593,Basic,Annual,1490,05-02-2024,31-12-2024,Cancelled,0,Too Expensive
SUB001594,CUST01594,Family,Quarterly,1347.3,22-08-2022,,Active,1,
SUB001595,CUST01595,Premium,Monthly,649,09-06-2024,05-12-2024,Cancelled,1,Temporary Pause
SUB001596,CUST01596,Basic,Annual,1490,28-04-2023,31-12-2024,Cancelled,1,Switching to Competitor
SUB001597,CUST01597,Basic,Monthly,149,29-05-2022,,Active,0,
SUB001598,CUST01598,Basic,Monthly,149,01-02-2023,,Active,0,
SUB001599,CUST01599,Basic,Monthly,149,10-10-2023,01-01-2024,Cancelled,1,Switching to Competitor
SUB001600,CUST01600,Basic,Monthly,149,11-05-2022,,Active,0,
SUB001601,CUST01601,Basic,Monthly,149,20-05-2022,,Active,1,
SUB001602,CUST01602,Standard,Quarterly,807.3,25-06-2022,,Paused,1,
SUB001603,CUST01603,Standard,Monthly,299,10-06-2022,,Active,1,
SUB001604,CUST01604,Standard,Annual,2990,21-07-2023,31-12-2024,Cancelled,1,Content Not Relevant
SUB001605,CUST01605,Premium,Monthly,649,16-05-2023,29-09-2023,Cancelled,1,Poor Streaming Quality
SUB001606,CUST01606,Basic,Monthly,149,13-10-2022,25-03-2023,Cancelled,0,Found Free Alternative
SUB001607,CUST01607,Premium,Monthly,649,11-09-2022,,Active,1,
SUB001608,CUST01608,Standard,Annual,2990,29-08-2023,,Paused,1,
SUB001609,CUST01609,Standard,Annual,2990,15-02-2022,08-05-2023,Cancelled,1,Poor Streaming Quality
SUB001610,CUST01610,Basic,Annual,1490,04-02-2022,,Active,0,
SUB001611,CUST01611,Basic,Annual,1490,09-04-2024,31-12-2024,Cancelled,1,Content Not Relevant
SUB001612,CUST01612,Standard,Quarterly,807.3,27-03-2022,,Active,1,
SUB001613,CUST01613,Standard,Annual,2990,12-08-2022,,Active,1,
SUB001614,CUST01614,Family,Annual,4990,26-10-2023,,Active,1,
SUB001615,CUST01615,Standard,Monthly,299,15-06-2022,29-11-2022,Cancelled,1,Temporary Pause
SUB001616,CUST01616,Basic,Annual,1490,25-01-2022,31-12-2024,Cancelled,1,Poor Streaming Quality
SUB001617,CUST01617,Standard,Monthly,299,09-07-2022,26-02-2023,Cancelled,1,Content Not Relevant
SUB001618,CUST01618,Standard,Annual,2990,31-05-2024,,Paused,0,
SUB001619,CUST01619,Standard,Monthly,299,28-06-2023,,Active,1,
SUB001620,CUST01620,Basic,Quarterly,402.3,16-12-2023,,Active,1,
SUB001621,CUST01621,Basic,Monthly,149,17-03-2024,,Active,0,
SUB001622,CUST01622,Basic,Quarterly,402.3,12-06-2023,31-12-2024,Cancelled,1,Content Not Relevant
SUB001623,CUST01623,Standard,Quarterly,807.3,10-01-2023,,Active,1,
SUB001624,CUST01624,Premium,Annual,6490,11-01-2023,,Active,0,
SUB001625,CUST01625,Premium,Annual,6490,29-07-2023,31-12-2024,Cancelled,1,Found Free Alternative
SUB001626,CUST01626,Standard,Monthly,299,07-07-2023,,Active,1,
SUB001627,CUST01627,Basic,Monthly,149,11-06-2024,,Active,0,
SUB001628,CUST01628,Standard,Annual,2990,01-10-2022,,Paused,0,
SUB001629,CUST01629,Family,Monthly,499,06-03-2022,17-10-2022,Cancelled,1,Too Expensive
SUB001630,CUST01630,Standard,Quarterly,807.3,29-05-2023,14-11-2024,Cancelled,1,Too Expensive
SUB001631,CUST01631,Basic,Monthly,149,26-11-2023,01-03-2024,Cancelled,1,Poor Streaming Quality
SUB001632,CUST01632,Standard,Quarterly,807.3,12-01-2023,21-09-2024,Cancelled,1,Switching to Competitor
SUB001633,CUST01633,Standard,Annual,2990,24-03-2022,31-12-2024,Cancelled,1,Temporary Pause
SUB001634,CUST01634,Standard,Quarterly,807.3,22-04-2022,,Active,1,
SUB001635,CUST01635,Standard,Monthly,299,24-05-2023,,Paused,0,
SUB001636,CUST01636,Basic,Annual,1490,28-10-2022,31-12-2024,Cancelled,1,Poor Streaming Quality
SUB001637,CUST01637,Basic,Quarterly,402.3,22-12-2022,,Paused,0,
SUB001638,CUST01638,Standard,Monthly,299,26-10-2022,,Active,1,
SUB001639,CUST01639,Basic,Quarterly,402.3,04-05-2024,,Active,1,
SUB001640,CUST01640,Basic,Annual,1490,18-12-2022,31-12-2024,Cancelled,0,Too Expensive
SUB001641,CUST01641,Basic,Annual,1490,13-11-2023,31-12-2024,Cancelled,0,
SUB001642,CUST01642,Standard,Monthly,299,08-11-2022,,Paused,0,
SUB001643,CUST01643,Premium,Annual,6490,19-03-2024,,Paused,1,
SUB001644,CUST01644,Basic,Annual,1490,23-10-2022,31-12-2024,Cancelled,0,Temporary Pause
SUB001645,CUST01645,Premium,Annual,6490,12-04-2023,,Active,1,
SUB001646,CUST01646,Basic,Monthly,149,20-10-2022,06-03-2023,Cancelled,0,Switching to Competitor
SUB001647,CUST01647,Standard,Annual,2990,15-06-2022,,Paused,1,
SUB001648,CUST01648,Basic,Quarterly,402.3,12-08-2023,21-12-2023,Cancelled,1,Temporary Pause
SUB001649,CUST01649,Family,Annual,4990,08-07-2022,,Active,1,
SUB001650,CUST01650,Premium,Monthly,649,13-11-2023,01-07-2024,Cancelled,1,Found Free Alternative
SUB001651,CUST01651,Standard,Annual,2990,05-04-2023,31-12-2024,Cancelled,0,Too Expensive
SUB001652,CUST01652,Standard,Quarterly,807.3,05-05-2022,,Paused,1,
SUB001653,CUST01653,Premium,Annual,6490,15-04-2023,,Active,1,
SUB001654,CUST01654,Premium,Quarterly,1752.3,04-06-2023,31-12-2024,Cancelled,0,Switching to Competitor
SUB001655,CUST01655,Premium,Quarterly,1752.3,12-02-2024,26-09-2024,Cancelled,1,Too Expensive
SUB001656,CUST01656,Standard,Quarterly,807.3,13-12-2022,10-05-2023,Cancelled,1,Technical Issues
SUB001657,CUST01657,Basic,Monthly,149,26-11-2023,08-07-2024,Cancelled,1,Technical Issues
SUB001658,CUST01658,Premium,Quarterly,1752.3,16-02-2023,,Active,1,
SUB001659,CUST01659,Premium,Monthly,649,05-04-2022,,Active,1,
SUB001660,CUST01660,Premium,Quarterly,1752.3,21-08-2023,,Active,0,
SUB001661,CUST01661,Basic,Monthly,149,24-01-2022,18-03-2022,Cancelled,0,Technical Issues
SUB001662,CUST01662,Standard,Monthly,299,09-06-2023,,Active,1,
SUB001663,CUST01663,Basic,Quarterly,402.3,10-09-2023,,Active,1,
SUB001664,CUST01664,Family,Annual,4990,12-02-2023,,Paused,1,
SUB001665,CUST01665,Family,Monthly,499,17-01-2023,,Paused,0,
SUB001666,CUST01666,Premium,Annual,6490,12-11-2022,,Active,1,
SUB001667,CUST01667,Basic,Monthly,149,16-01-2024,,Active,0,
SUB001668,CUST01668,Basic,Quarterly,402.3,17-06-2022,23-01-2023,Cancelled,0,Too Expensive
SUB001669,CUST01669,Basic,Quarterly,402.3,05-09-2023,31-12-2024,Cancelled,1,Temporary Pause
SUB001670,CUST01670,Premium,Annual,6490,02-05-2023,31-12-2024,Cancelled,1,Technical Issues
SUB001671,CUST01671,Standard,Annual,2990,14-02-2024,,Active,1,
SUB001672,CUST01672,Basic,Annual,1490,17-10-2023,31-12-2024,Cancelled,0,Temporary Pause
SUB001673,CUST01673,Basic,Quarterly,402.3,19-04-2023,27-08-2024,Cancelled,0,
SUB001674,CUST01674,Standard,Monthly,299,02-05-2024,,Paused,1,
SUB001675,CUST01675,Basic,Annual,1490,13-02-2022,31-12-2024,Cancelled,0,Switching to Competitor
SUB001676,CUST01676,Basic,Quarterly,402.3,27-07-2023,04-10-2024,Cancelled,1,Content Not Relevant
SUB001677,CUST01677,Basic,Monthly,149,07-06-2022,,Active,1,
SUB001678,CUST01678,Standard,Quarterly,807.3,08-05-2022,,Active,1,
SUB001679,CUST01679,Standard,Quarterly,807.3,19-05-2023,24-09-2024,Cancelled,1,Poor Streaming Quality
SUB001680,CUST01680,Family,Annual,4990,23-02-2024,31-12-2024,Cancelled,1,Switching to Competitor
SUB001681,CUST01681,Standard,Monthly,299,03-02-2024,,Active,1,
SUB001682,CUST01682,Standard,Monthly,299,23-03-2023,,Paused,0,
SUB001683,CUST01683,Basic,Monthly,149,18-01-2023,,Paused,1,
SUB001684,CUST01684,Standard,Annual,2990,16-06-2022,31-12-2024,Cancelled,1,Temporary Pause
SUB001685,CUST01685,Premium,Quarterly,1752.3,18-04-2023,29-09-2024,Cancelled,0,Switching to Competitor
SUB001686,CUST01686,Standard,Monthly,299,07-10-2022,,Paused,1,
SUB001687,CUST01687,Premium,Annual,6490,19-02-2022,,Active,0,
SUB001688,CUST01688,Premium,Quarterly,1752.3,11-06-2023,,Active,1,
SUB001689,CUST01689,Basic,Annual,1490,10-02-2024,31-12-2024,Cancelled,1,Technical Issues
SUB001690,CUST01690,Standard,Monthly,299,26-04-2024,,Active,1,
SUB001691,CUST01691,Basic,Monthly,149,09-04-2022,,Active,1,
SUB001692,CUST01692,Basic,Quarterly,402.3,14-01-2022,,Active,0,
SUB001693,CUST01693,Premium,Annual,6490,08-03-2024,,Active,1,
SUB001694,CUST01694,Basic,Monthly,149,15-04-2022,,Paused,1,
SUB001695,CUST01695,Standard,Monthly,299,01-05-2024,,Paused,0,
SUB001696,CUST01696,Standard,Quarterly,807.3,16-05-2024,,Active,0,
SUB001697,CUST01697,Standard,Annual,2990,04-03-2023,,Paused,1,
SUB001698,CUST01698,Premium,Quarterly,1752.3,18-01-2022,27-04-2023,Cancelled,0,Poor Streaming Quality
SUB001699,CUST01699,Standard,Annual,2990,23-05-2022,31-12-2024,Cancelled,0,Content Not Relevant
SUB001700,CUST01700,Basic,Annual,1490,26-06-2022,,Active,1,
SUB001701,CUST01701,Premium,Monthly,649,16-08-2022,02-04-2023,Cancelled,1,Temporary Pause
SUB001702,CUST01702,Premium,Quarterly,1752.3,11-11-2022,,Active,1,
SUB001703,CUST01703,Standard,Monthly,299,12-03-2023,,Paused,1,
SUB001704,CUST01704,Standard,Monthly,299,15-02-2024,,Paused,1,
SUB001705,CUST01705,Standard,Monthly,299,03-02-2022,,Active,0,
SUB001706,CUST01706,Family,Annual,4990,26-04-2023,31-12-2024,Cancelled,1,Found Free Alternative
SUB001707,CUST01707,Standard,Annual,2990,05-11-2022,,Active,0,
SUB001708,CUST01708,Basic,Annual,1490,09-09-2023,,Active,1,
SUB001709,CUST01709,Premium,Quarterly,1752.3,18-11-2023,,Active,1,
SUB001710,CUST01710,Family,Annual,4990,16-05-2024,,Active,1,
SUB001711,CUST01711,Standard,Monthly,299,14-06-2022,,Active,0,
SUB001712,CUST01712,Standard,Quarterly,807.3,07-08-2023,,Active,0,
SUB001713,CUST01713,Standard,Quarterly,807.3,26-06-2023,07-12-2023,Cancelled,1,Too Expensive
SUB001714,CUST01714,Standard,Quarterly,807.3,12-02-2024,08-10-2024,Cancelled,1,Found Free Alternative
SUB001715,CUST01715,Standard,Monthly,299,08-08-2022,26-10-2022,Cancelled,1,Poor Streaming Quality
SUB001716,CUST01716,Standard,Monthly,299,09-07-2022,,Active,0,
SUB001717,CUST01717,Basic,Monthly,149,24-01-2023,,Active,1,
SUB001718,CUST01718,Premium,Monthly,649,22-02-2023,02-08-2023,Cancelled,1,Poor Streaming Quality
SUB001719,CUST01719,Family,Quarterly,1347.3,23-04-2022,16-09-2022,Cancelled,1,Poor Streaming Quality
SUB001720,CUST01720,Standard,Monthly,299,23-12-2023,11-03-2024,Cancelled,0,Found Free Alternative
SUB001721,CUST01721,Premium,Monthly,649,26-03-2022,11-05-2022,Cancelled,1,Too Expensive
SUB001722,CUST01722,Standard,Quarterly,807.3,18-10-2022,28-09-2024,Cancelled,1,Found Free Alternative
SUB001723,CUST01723,Basic,Quarterly,402.3,05-12-2023,,Active,0,
SUB001724,CUST01724,Family,Annual,4990,25-10-2022,,Active,1,
SUB001725,CUST01725,Premium,Monthly,649,27-11-2023,,Active,1,
SUB001726,CUST01726,Premium,Quarterly,1752.3,20-11-2023,,Active,1,
SUB001727,CUST01727,Basic,Annual,1490,06-11-2023,,Active,0,
SUB001728,CUST01728,Standard,Quarterly,807.3,15-02-2023,,Active,1,
SUB001729,CUST01729,Basic,Monthly,149,08-03-2022,,Paused,0,
SUB001730,CUST01730,Standard,Quarterly,807.3,02-09-2023,,Active,1,
SUB001731,CUST01731,Standard,Annual,2990,13-01-2024,31-12-2024,Cancelled,1,Poor Streaming Quality
SUB001732,CUST01732,Family,Annual,4990,31-08-2023,,Active,1,
SUB001733,CUST01733,Basic,Quarterly,402.3,14-11-2023,26-06-2024,Cancelled,1,Found Free Alternative
SUB001734,CUST01734,Premium,Monthly,649,13-10-2022,22-02-2023,Cancelled,1,
SUB001735,CUST01735,Standard,Monthly,299,14-09-2022,,Active,1,
SUB001736,CUST01736,Standard,Monthly,299,31-01-2022,,Active,1,
SUB001737,CUST01737,Basic,Quarterly,402.3,26-11-2023,31-12-2024,Cancelled,0,Found Free Alternative
SUB001738,CUST01738,Basic,Quarterly,402.3,27-11-2023,,Active,1,
SUB001739,CUST01739,Basic,Monthly,149,01-10-2023,,Active,1,
SUB001740,CUST01740,Basic,Monthly,149,25-02-2024,,Active,0,
SUB001741,CUST01741,Standard,Monthly,299,09-11-2023,,Active,0,
SUB001742,CUST01742,Basic,Monthly,149,10-07-2023,,Active,1,
SUB001743,CUST01743,Basic,Monthly,149,22-02-2024,,Active,1,
SUB001744,CUST01744,Standard,Monthly,299,06-04-2023,,Paused,0,
SUB001745,CUST01745,Premium,Annual,6490,06-02-2022,,Active,1,
SUB001746,CUST01746,Basic,Monthly,149,24-06-2024,,Paused,0,
SUB001747,CUST01747,Standard,Monthly,299,16-11-2022,03-02-2023,Cancelled,1,Poor Streaming Quality
SUB001748,CUST01748,Basic,Annual,1490,23-11-2023,31-12-2024,Cancelled,0,
SUB001749,CUST01749,Basic,Quarterly,402.3,09-08-2023,,Active,0,
SUB001750,CUST01750,Basic,Monthly,149,03-06-2023,,Active,0,
SUB001751,CUST01751,Standard,Quarterly,807.3,29-08-2023,,Active,1,
SUB001752,CUST01752,Standard,Quarterly,807.3,24-02-2024,,Active,1,
SUB001753,CUST01753,Premium,Annual,6490,28-08-2023,,Paused,1,
SUB001754,CUST01754,Standard,Monthly,299,08-04-2024,,Active,1,
SUB001755,CUST01755,Premium,Quarterly,1752.3,25-01-2023,12-06-2024,Cancelled,0,Switching to Competitor
SUB001756,CUST01756,Premium,Monthly,649,26-02-2023,,Active,1,
SUB001757,CUST01757,Standard,Monthly,299,11-09-2022,,Active,1,
SUB001758,CUST01758,Basic,Quarterly,402.3,06-12-2023,15-08-2024,Cancelled,1,Poor Streaming Quality
SUB001759,CUST01759,Standard,Annual,2990,23-06-2022,,Active,0,
SUB001760,CUST01760,Family,Monthly,499,17-04-2023,,Paused,0,
SUB001761,CUST01761,Basic,Monthly,149,08-03-2023,,Active,1,
SUB001762,CUST01762,Family,Monthly,499,26-08-2023,04-01-2024,Cancelled,1,Too Expensive
SUB001763,CUST01763,Standard,Annual,2990,04-02-2023,,Active,1,
SUB001764,CUST01764,Standard,Annual,2990,13-04-2022,,Active,1,
SUB001765,CUST01765,Basic,Monthly,149,10-04-2024,,Active,0,
SUB001766,CUST01766,Standard,Monthly,299,03-11-2022,,Paused,0,
SUB001767,CUST01767,Standard,Annual,2990,13-10-2023,31-12-2024,Cancelled,0,Switching to Competitor
SUB001768,CUST01768,Basic,Annual,1490,29-09-2022,31-12-2024,Cancelled,0,Content Not Relevant
SUB001769,CUST01769,Standard,Quarterly,807.3,03-04-2024,31-12-2024,Cancelled,0,
SUB001770,CUST01770,Family,Monthly,499,05-01-2024,,Paused,1,
SUB001771,CUST01771,Standard,Monthly,299,07-10-2022,25-03-2023,Cancelled,1,
SUB001772,CUST01772,Standard,Monthly,299,14-03-2023,,Active,1,
SUB001773,CUST01773,Family,Quarterly,1347.3,01-06-2023,17-11-2023,Cancelled,0,Content Not Relevant
SUB001774,CUST01774,Premium,Annual,6490,17-11-2022,,Paused,0,
SUB001775,CUST01775,Standard,Quarterly,807.3,02-10-2023,,Paused,0,
SUB001776,CUST01776,Standard,Monthly,299,04-07-2022,,Active,1,
SUB001777,CUST01777,Standard,Monthly,299,27-05-2023,,Active,0,
SUB001778,CUST01778,Standard,Annual,2990,08-04-2024,,Paused,0,
SUB001779,CUST01779,Basic,Annual,1490,19-06-2023,,Active,1,
SUB001780,CUST01780,Standard,Monthly,299,04-09-2022,,Active,1,
SUB001781,CUST01781,Standard,Annual,2990,23-11-2022,31-12-2024,Cancelled,0,Too Expensive
SUB001782,CUST01782,Basic,Monthly,149,23-04-2024,08-10-2024,Cancelled,1,Found Free Alternative
SUB001783,CUST01783,Premium,Quarterly,1752.3,30-08-2022,17-05-2024,Cancelled,1,
SUB001784,CUST01784,Standard,Monthly,299,16-07-2022,11-03-2023,Cancelled,0,Temporary Pause
SUB001785,CUST01785,Basic,Monthly,149,13-05-2023,,Active,0,
SUB001786,CUST01786,Standard,Annual,2990,26-07-2022,,Paused,1,
SUB001787,CUST01787,Premium,Monthly,649,22-09-2022,,Active,1,
SUB001788,CUST01788,Standard,Quarterly,807.3,10-01-2024,31-12-2024,Cancelled,1,Found Free Alternative
SUB001789,CUST01789,Premium,Quarterly,1752.3,18-11-2022,02-02-2024,Cancelled,1,Switching to Competitor
SUB001790,CUST01790,Family,Monthly,499,08-01-2023,,Active,0,
SUB001791,CUST01791,Basic,Annual,1490,30-08-2022,,Active,1,
SUB001792,CUST01792,Basic,Annual,1490,04-05-2022,31-12-2024,Cancelled,1,Found Free Alternative
SUB001793,CUST01793,Basic,Annual,1490,24-05-2023,,Active,1,
SUB001794,CUST01794,Family,Annual,4990,02-03-2024,31-12-2024,Cancelled,1,
SUB001795,CUST01795,Premium,Quarterly,1752.3,05-04-2024,,Active,1,
SUB001796,CUST01796,Basic,Annual,1490,20-04-2022,,Active,1,
SUB001797,CUST01797,Family,Annual,4990,23-02-2023,,Active,1,
SUB001798,CUST01798,Standard,Annual,2990,01-07-2023,31-12-2024,Cancelled,1,Too Expensive
SUB001799,CUST01799,Basic,Quarterly,402.3,10-03-2023,17-04-2024,Cancelled,1,Found Free Alternative
SUB001800,CUST01800,Basic,Monthly,149,07-01-2023,30-04-2023,Cancelled,1,Content Not Relevant
SUB001801,CUST01801,Basic,Monthly,149,23-10-2023,,Active,1,
SUB001802,CUST01802,Standard,Annual,2990,09-12-2023,31-12-2024,Cancelled,1,Found Free Alternative
SUB001803,CUST01803,Basic,Annual,1490,29-01-2023,31-12-2024,Cancelled,0,Content Not Relevant
SUB001804,CUST01804,Basic,Monthly,149,02-07-2023,30-10-2023,Cancelled,1,
SUB001805,CUST01805,Standard,Annual,2990,07-02-2023,,Active,0,
SUB001806,CUST01806,Standard,Quarterly,807.3,01-11-2022,,Active,1,
SUB001807,CUST01807,Basic,Quarterly,402.3,19-06-2024,31-12-2024,Cancelled,0,Found Free Alternative
SUB001808,CUST01808,Standard,Monthly,299,06-06-2024,,Paused,1,
SUB001809,CUST01809,Basic,Quarterly,402.3,11-05-2024,,Paused,1,
SUB001810,CUST01810,Standard,Quarterly,807.3,17-12-2023,03-09-2024,Cancelled,1,
SUB001811,CUST01811,Premium,Annual,6490,07-03-2023,31-12-2024,Cancelled,0,Found Free Alternative
SUB001812,CUST01812,Premium,Quarterly,1752.3,10-04-2023,,Active,0,
SUB001813,CUST01813,Premium,Quarterly,1752.3,08-10-2023,16-05-2024,Cancelled,1,Content Not Relevant
SUB001814,CUST01814,Family,Annual,4990,24-07-2022,,Active,1,
SUB001815,CUST01815,Basic,Monthly,149,26-03-2022,,Active,1,
SUB001816,CUST01816,Premium,Quarterly,1752.3,01-01-2024,,Active,1,
SUB001817,CUST01817,Family,Monthly,499,22-03-2024,,Active,1,
SUB001818,CUST01818,Premium,Monthly,649,24-09-2022,14-01-2023,Cancelled,1,
SUB001819,CUST01819,Basic,Monthly,149,23-07-2022,,Paused,0,
SUB001820,CUST01820,Premium,Annual,6490,07-02-2023,31-12-2024,Cancelled,1,Poor Streaming Quality
SUB001821,CUST01821,Standard,Annual,2990,24-01-2022,,Paused,1,
SUB001822,CUST01822,Standard,Annual,2990,02-04-2022,,Active,1,
SUB001823,CUST01823,Standard,Annual,2990,20-02-2022,,Active,0,
SUB001824,CUST01824,Standard,Annual,2990,24-09-2022,31-12-2024,Cancelled,0,Switching to Competitor
SUB001825,CUST01825,Family,Quarterly,1347.3,04-08-2023,12-01-2024,Cancelled,0,Technical Issues
SUB001826,CUST01826,Premium,Monthly,649,22-03-2023,,Active,0,
SUB001827,CUST01827,Basic,Monthly,149,01-01-2024,04-07-2024,Cancelled,1,Too Expensive
SUB001828,CUST01828,Standard,Annual,2990,04-02-2024,31-12-2024,Cancelled,0,Too Expensive
SUB001829,CUST01829,Premium,Annual,6490,26-05-2024,31-12-2024,Cancelled,1,Switching to Competitor
SUB001830,CUST01830,Basic,Annual,1490,15-01-2024,,Active,0,
SUB001831,CUST01831,Basic,Quarterly,402.3,22-03-2024,,Active,0,
SUB001832,CUST01832,Standard,Monthly,299,30-08-2022,,Paused,1,
SUB001833,CUST01833,Standard,Annual,2990,20-08-2023,,Active,1,
SUB001834,CUST01834,Basic,Monthly,149,26-04-2023,,Active,1,
SUB001835,CUST01835,Basic,Monthly,149,05-12-2023,,Paused,1,
SUB001836,CUST01836,Premium,Annual,6490,24-01-2024,31-12-2024,Cancelled,1,Too Expensive
SUB001837,CUST01837,Standard,Monthly,299,25-07-2023,,Active,0,
SUB001838,CUST01838,Standard,Monthly,299,28-04-2023,,Active,1,
SUB001839,CUST01839,Standard,Annual,2990,28-12-2023,,Active,1,
SUB001840,CUST01840,Standard,Monthly,299,27-09-2023,20-03-2024,Cancelled,0,Technical Issues
SUB001841,CUST01841,Premium,Monthly,649,16-05-2022,,Paused,1,
SUB001842,CUST01842,Standard,Annual,2990,24-09-2022,31-12-2024,Cancelled,1,Switching to Competitor
SUB001843,CUST01843,Basic,Monthly,149,17-06-2024,18-10-2024,Cancelled,0,Technical Issues
SUB001844,CUST01844,Premium,Annual,6490,29-12-2023,31-12-2024,Cancelled,1,Temporary Pause
SUB001845,CUST01845,Standard,Quarterly,807.3,30-04-2022,,Paused,0,
SUB001846,CUST01846,Premium,Quarterly,1752.3,11-06-2024,31-12-2024,Cancelled,1,Technical Issues
SUB001847,CUST01847,Family,Annual,4990,16-06-2024,31-12-2024,Cancelled,0,
SUB001848,CUST01848,Standard,Annual,2990,17-11-2022,31-12-2024,Cancelled,0,
SUB001849,CUST01849,Basic,Annual,1490,22-02-2024,31-12-2024,Cancelled,1,Too Expensive
SUB001850,CUST01850,Standard,Annual,2990,24-02-2022,,Paused,0,
SUB001851,CUST01851,Family,Annual,4990,07-07-2022,31-12-2024,Cancelled,0,Found Free Alternative
SUB001852,CUST01852,Basic,Annual,1490,24-12-2023,,Active,1,
SUB001853,CUST01853,Basic,Annual,1490,11-02-2022,,Active,1,
SUB001854,CUST01854,Premium,Quarterly,1752.3,12-05-2023,,Active,0,
SUB001855,CUST01855,Basic,Monthly,149,07-05-2022,,Active,0,
SUB001856,CUST01856,Standard,Annual,2990,04-07-2022,,Paused,1,
SUB001857,CUST01857,Standard,Annual,2990,11-11-2023,,Active,0,
SUB001858,CUST01858,Standard,Monthly,299,23-06-2023,06-12-2023,Cancelled,1,Too Expensive
SUB001859,CUST01859,Premium,Monthly,649,10-09-2022,20-12-2022,Cancelled,1,Technical Issues
SUB001860,CUST01860,Family,Annual,4990,19-10-2022,31-12-2024,Cancelled,0,Found Free Alternative
SUB001861,CUST01861,Basic,Monthly,149,19-04-2022,29-06-2022,Cancelled,1,Content Not Relevant
SUB001862,CUST01862,Basic,Monthly,149,17-04-2023,,Active,0,
SUB001863,CUST01863,Family,Annual,4990,01-09-2023,07-12-2024,Cancelled,1,Temporary Pause
SUB001864,CUST01864,Basic,Quarterly,402.3,03-11-2023,,Active,1,
SUB001865,CUST01865,Standard,Monthly,299,13-05-2022,,Paused,1,
SUB001866,CUST01866,Basic,Annual,1490,27-11-2022,,Active,0,
SUB001867,CUST01867,Family,Monthly,499,26-01-2023,,Active,0,
SUB001868,CUST01868,Basic,Monthly,149,03-09-2022,27-03-2023,Cancelled,0,
SUB001869,CUST01869,Standard,Annual,2990,16-06-2022,29-09-2024,Cancelled,0,Content Not Relevant
SUB001870,CUST01870,Basic,Quarterly,402.3,04-05-2022,,Active,1,
SUB001871,CUST01871,Basic,Annual,1490,03-12-2023,,Paused,1,
SUB001872,CUST01872,Premium,Annual,6490,02-05-2024,,Paused,1,
SUB001873,CUST01873,Basic,Annual,1490,02-04-2023,,Active,1,
SUB001874,CUST01874,Basic,Monthly,149,07-09-2023,,Active,1,
SUB001875,CUST01875,Standard,Annual,2990,21-09-2023,31-12-2024,Cancelled,0,Content Not Relevant
SUB001876,CUST01876,Basic,Quarterly,402.3,06-04-2022,05-10-2022,Cancelled,1,Too Expensive
SUB001877,CUST01877,Premium,Annual,6490,24-11-2023,,Active,1,
SUB001878,CUST01878,Premium,Annual,6490,07-10-2023,,Active,1,
SUB001879,CUST01879,Standard,Quarterly,807.3,25-04-2023,31-12-2024,Cancelled,1,Found Free Alternative
SUB001880,CUST01880,Family,Quarterly,1347.3,02-06-2022,,Active,0,
SUB001881,CUST01881,Premium,Monthly,649,14-03-2023,,Active,0,
SUB001882,CUST01882,Standard,Annual,2990,20-03-2022,31-12-2024,Cancelled,1,Too Expensive
SUB001883,CUST01883,Premium,Monthly,649,12-03-2023,,Active,1,
SUB001884,CUST01884,Basic,Quarterly,402.3,12-04-2024,,Active,0,
SUB001885,CUST01885,Standard,Quarterly,807.3,25-03-2022,,Active,1,
SUB001886,CUST01886,Premium,Quarterly,1752.3,03-07-2022,,Active,1,
SUB001887,CUST01887,Basic,Quarterly,402.3,03-03-2023,,Paused,1,
SUB001888,CUST01888,Standard,Monthly,299,15-02-2024,,Paused,1,
SUB001889,CUST01889,Basic,Annual,1490,16-12-2022,,Paused,0,
SUB001890,CUST01890,Premium,Monthly,649,04-02-2024,,Active,1,
SUB001891,CUST01891,Basic,Monthly,149,21-03-2023,,Active,1,
SUB001892,CUST01892,Standard,Monthly,299,30-04-2022,,Active,1,
SUB001893,CUST01893,Premium,Quarterly,1752.3,17-04-2023,14-09-2023,Cancelled,1,Too Expensive
SUB001894,CUST01894,Standard,Quarterly,807.3,07-11-2022,,Paused,1,
SUB001895,CUST01895,Standard,Quarterly,807.3,03-04-2024,,Active,1,
SUB001896,CUST01896,Standard,Quarterly,807.3,15-01-2022,,Paused,1,
SUB001897,CUST01897,Family,Quarterly,1347.3,29-05-2024,,Active,1,
SUB001898,CUST01898,Premium,Quarterly,1752.3,28-10-2023,,Active,1,
SUB001899,CUST01899,Basic,Monthly,149,15-07-2022,,Active,1,
SUB001900,CUST01900,Basic,Annual,1490,01-05-2023,,Active,1,
SUB001901,CUST01901,Standard,Quarterly,807.3,06-06-2022,,Active,1,
SUB001902,CUST01902,Basic,Annual,1490,30-05-2024,31-12-2024,Cancelled,0,Content Not Relevant
SUB001903,CUST01903,Premium,Annual,6490,29-10-2022,,Active,1,
SUB001904,CUST01904,Standard,Annual,2990,09-01-2022,31-12-2024,Cancelled,0,Too Expensive
SUB001905,CUST01905,Standard,Monthly,299,25-01-2024,,Paused,1,
SUB001906,CUST01906,Basic,Monthly,149,25-10-2022,,Active,1,
SUB001907,CUST01907,Basic,Monthly,149,10-06-2023,,Active,1,
SUB001908,CUST01908,Family,Quarterly,1347.3,26-08-2022,,Active,1,
SUB001909,CUST01909,Basic,Annual,1490,14-08-2023,23-10-2024,Cancelled,0,Poor Streaming Quality
SUB001910,CUST01910,Basic,Annual,1490,26-10-2023,,Active,1,
SUB001911,CUST01911,Standard,Quarterly,807.3,30-09-2023,,Paused,1,
SUB001912,CUST01912,Basic,Annual,1490,22-01-2022,31-12-2024,Cancelled,0,Technical Issues
SUB001913,CUST01913,Standard,Monthly,299,26-04-2023,,Paused,1,
SUB001914,CUST01914,Premium,Quarterly,1752.3,13-08-2022,,Active,1,
SUB001915,CUST01915,Standard,Monthly,299,15-05-2022,,Active,0,
SUB001916,CUST01916,Premium,Monthly,649,26-03-2024,02-07-2024,Cancelled,1,Poor Streaming Quality
SUB001917,CUST01917,Standard,Quarterly,807.3,17-10-2022,,Active,1,
SUB001918,CUST01918,Premium,Monthly,649,24-07-2022,,Paused,0,
SUB001919,CUST01919,Standard,Quarterly,807.3,23-03-2024,31-12-2024,Cancelled,0,Technical Issues
SUB001920,CUST01920,Standard,Annual,2990,03-08-2022,31-12-2024,Cancelled,0,Temporary Pause
SUB001921,CUST01921,Standard,Quarterly,807.3,21-06-2024,25-11-2024,Cancelled,1,Switching to Competitor
SUB001922,CUST01922,Basic,Annual,1490,28-06-2022,,Active,0,
SUB001923,CUST01923,Basic,Annual,1490,17-03-2023,,Paused,0,
SUB001924,CUST01924,Standard,Quarterly,807.3,30-07-2023,,Active,1,
SUB001925,CUST01925,Standard,Quarterly,807.3,14-03-2024,,Paused,1,
SUB001926,CUST01926,Standard,Annual,2990,04-06-2022,31-12-2024,Cancelled,1,Content Not Relevant
SUB001927,CUST01927,Basic,Quarterly,402.3,25-12-2023,13-05-2024,Cancelled,1,
SUB001928,CUST01928,Standard,Monthly,299,19-04-2022,02-07-2022,Cancelled,1,Poor Streaming Quality
SUB001929,CUST01929,Basic,Annual,1490,12-02-2022,,Active,0,
SUB001930,CUST01930,Standard,Monthly,299,10-06-2024,,Paused,1,
SUB001931,CUST01931,Basic,Quarterly,402.3,27-12-2023,31-12-2024,Cancelled,0,Switching to Competitor
SUB001932,CUST01932,Basic,Quarterly,402.3,07-06-2022,20-12-2023,Cancelled,0,Switching to Competitor
SUB001933,CUST01933,Basic,Quarterly,402.3,06-05-2022,13-01-2023,Cancelled,0,Too Expensive
SUB001934,CUST01934,Standard,Annual,2990,09-09-2022,,Active,0,
SUB001935,CUST01935,Family,Monthly,499,25-06-2022,16-01-2023,Cancelled,0,
SUB001936,CUST01936,Family,Monthly,499,05-01-2023,28-05-2023,Cancelled,1,Temporary Pause
SUB001937,CUST01937,Family,Annual,4990,08-03-2023,21-12-2024,Cancelled,0,Poor Streaming Quality
SUB001938,CUST01938,Premium,Quarterly,1752.3,24-02-2023,,Active,1,
SUB001939,CUST01939,Standard,Quarterly,807.3,31-01-2022,,Active,0,
SUB001940,CUST01940,Family,Annual,4990,13-03-2022,,Active,0,
SUB001941,CUST01941,Basic,Monthly,149,01-03-2024,11-04-2024,Cancelled,1,
SUB001942,CUST01942,Standard,Annual,2990,17-02-2024,31-12-2024,Cancelled,1,Poor Streaming Quality
SUB001943,CUST01943,Standard,Quarterly,807.3,09-10-2023,,Active,0,
SUB001944,CUST01944,Standard,Monthly,299,16-02-2023,,Paused,0,
SUB001945,CUST01945,Premium,Quarterly,1752.3,19-12-2022,,Paused,0,
SUB001946,CUST01946,Family,Monthly,499,31-05-2022,,Paused,0,
SUB001947,CUST01947,Family,Annual,4990,27-06-2024,,Paused,0,
SUB001948,CUST01948,Standard,Quarterly,807.3,16-12-2023,31-12-2024,Cancelled,1,Content Not Relevant
SUB001949,CUST01949,Basic,Monthly,149,28-03-2022,,Paused,1,
SUB001950,CUST01950,Standard,Monthly,299,13-01-2024,,Active,1,
SUB001951,CUST01951,Standard,Annual,2990,07-08-2022,,Active,1,
SUB001952,CUST01952,Premium,Quarterly,1752.3,18-06-2023,30-12-2024,Cancelled,0,Poor Streaming Quality
SUB001953,CUST01953,Basic,Annual,1490,30-06-2024,31-12-2024,Cancelled,1,Temporary Pause
SUB001954,CUST01954,Premium,Quarterly,1752.3,02-05-2024,,Active,0,
SUB001955,CUST01955,Basic,Annual,1490,20-01-2024,,Active,1,
SUB001956,CUST01956,Standard,Monthly,299,29-12-2022,30-01-2023,Cancelled,1,Found Free Alternative
SUB001957,CUST01957,Basic,Monthly,149,05-04-2023,04-08-2023,Cancelled,0,Technical Issues
SUB001958,CUST01958,Premium,Quarterly,1752.3,10-04-2023,31-12-2024,Cancelled,1,Too Expensive
SUB001959,CUST01959,Standard,Annual,2990,03-08-2023,,Active,1,
SUB001960,CUST01960,Standard,Annual,2990,25-12-2022,,Active,0,
SUB001961,CUST01961,Basic,Quarterly,402.3,20-11-2023,08-11-2024,Cancelled,1,
SUB001962,CUST01962,Basic,Annual,1490,18-04-2022,,Active,1,
SUB001963,CUST01963,Basic,Monthly,149,22-04-2024,09-06-2024,Cancelled,1,Content Not Relevant
SUB001964,CUST01964,Standard,Annual,2990,30-12-2023,31-12-2024,Cancelled,0,Switching to Competitor
SUB001965,CUST01965,Family,Monthly,499,05-03-2022,,Active,1,
SUB001966,CUST01966,Basic,Annual,1490,02-04-2023,,Active,1,
SUB001967,CUST01967,Basic,Monthly,149,17-02-2023,23-05-2023,Cancelled,1,Content Not Relevant
SUB001968,CUST01968,Standard,Annual,2990,11-06-2024,31-12-2024,Cancelled,1,Temporary Pause
SUB001969,CUST01969,Premium,Quarterly,1752.3,27-03-2023,30-10-2023,Cancelled,0,Content Not Relevant
SUB001970,CUST01970,Standard,Annual,2990,02-06-2023,31-12-2024,Cancelled,0,Temporary Pause
SUB001971,CUST01971,Basic,Annual,1490,13-05-2022,,Active,1,
SUB001972,CUST01972,Premium,Quarterly,1752.3,12-04-2023,,Active,0,
SUB001973,CUST01973,Basic,Quarterly,402.3,27-07-2023,,Active,0,
SUB001974,CUST01974,Standard,Annual,2990,23-04-2022,31-12-2024,Cancelled,1,Switching to Competitor
SUB001975,CUST01975,Basic,Monthly,149,11-02-2022,,Paused,0,
SUB001976,CUST01976,Premium,Monthly,649,09-11-2022,,Active,0,
SUB001977,CUST01977,Basic,Quarterly,402.3,29-01-2022,,Active,0,
SUB001978,CUST01978,Standard,Annual,2990,19-02-2022,,Active,0,
SUB001979,CUST01979,Family,Quarterly,1347.3,18-04-2024,,Paused,1,
SUB001980,CUST01980,Family,Quarterly,1347.3,24-12-2022,,Active,1,
SUB001981,CUST01981,Standard,Quarterly,807.3,10-08-2023,,Active,1,
SUB001982,CUST01982,Basic,Monthly,149,11-03-2024,,Active,1,
SUB001983,CUST01983,Premium,Quarterly,1752.3,16-05-2022,,Active,0,
SUB001984,CUST01984,Family,Annual,4990,19-02-2024,31-12-2024,Cancelled,1,
SUB001985,CUST01985,Basic,Annual,1490,02-04-2022,,Active,0,
SUB001986,CUST01986,Standard,Annual,2990,27-08-2022,,Active,1,
SUB001987,CUST01987,Standard,Quarterly,807.3,18-11-2023,,Active,1,
SUB001988,CUST01988,Standard,Quarterly,807.3,05-06-2024,31-12-2024,Cancelled,1,Poor Streaming Quality
SUB001989,CUST01989,Standard,Monthly,299,29-07-2023,11-02-2024,Cancelled,0,Temporary Pause
SUB001990,CUST01990,Premium,Quarterly,1752.3,29-03-2022,,Active,1,
SUB001991,CUST01991,Basic,Quarterly,402.3,15-02-2024,,Active,0,
SUB001992,CUST01992,Premium,Annual,6490,08-02-2024,,Paused,1,
SUB001993,CUST01993,Basic,Quarterly,402.3,06-11-2023,18-02-2024,Cancelled,1,Found Free Alternative
SUB001994,CUST01994,Standard,Quarterly,807.3,16-03-2024,,Paused,1,
SUB001995,CUST01995,Standard,Monthly,299,31-03-2023,,Active,1,
SUB001996,CUST01996,Family,Monthly,499,16-02-2023,,Active,1,
SUB001997,CUST01997,Basic,Quarterly,402.3,15-12-2022,02-05-2024,Cancelled,1,Switching to Competitor
SUB001998,CUST01998,Premium,Monthly,649,30-05-2024,,Active,0,
SUB001999,CUST01999,Basic,Monthly,149,04-04-2022,,Active,0,
SUB002000,CUST02000,Standard,Monthly,299,20-10-2022,,Active,0,
